LocationCode,YearCode,Year,CardinalPresence
QCAH,124,2023,y
QCAH,123,2022,y
QCAH,122,2021,y
QCAH,120,2019,y
QCAH,119,2018,y
QCAH,118,2017,y
QCAH,117,2016,y
QCAH,116,2015,y
QCAH,115,2014,y
QCAH,114,2013,y
QCAH,113,2012,y
QCAH,112,2011,y
QCAH,111,2010,y
QCAH,110,2009,y
QCAH,109,2008,y
QCAH,108,2007,y
QCAH,107,2006,y
QCAH,106,2005,y
QCAH,105,2004,y
QCAH,104,2003,y
QCAH,103,2002,y
QCAH,102,2001,y
QCAH,101,2000,y
QCAH,100,1999,y
QCAH,99,1998,y
QCAH,98,1997,y
QCAH,97,1996,y
QCAM,124,2023,n
QCAR,124,2023,y
QCAR,123,2022,y
QCBC,124,2023,y
QCBC,123,2022,y
QCBC,122,2021,y
QCBC,121,2020,y
QCBC,120,2019,y
QCBC,119,2018,y
QCBC,95,1994,y
QCBC,94,1993,y
QCBC,93,1992,y
QCBC,92,1991,y
QCBC,91,1990,y
QCBC,90,1989,y
QCBC,89,1988,y
QCBC,88,1987,y
QCBC,87,1986,y
QCBC,86,1985,y
QCBL,124,2023,y
QCBL,123,2022,y
QCBL,122,2021,y
QCBL,120,2019,y
QCBL,119,2018,y
QCBL,118,2017,y
QCBL,117,2016,y
QCBL,116,2015,y
QCBL,115,2014,y
QCBL,114,2013,y
QCBL,113,2012,y
QCBL,112,2011,y
QCBL,111,2010,y
QCBL,110,2009,y
QCBL,109,2008,y
QCBL,108,2007,y
QCBL,107,2006,y
QCBL,106,2005,y
QCBL,105,2004,y
QCBL,104,2003,y
QCBL,103,2002,y
QCBL,102,2001,y
QCBL,101,2000,y
QCBL,100,1999,y
QCBL,99,1998,y
QCBL,98,1997,y
QCBL,97,1996,y
QCBL,96,1995,y
QCBL,95,1994,y
QCBL,94,1993,y
QCBL,93,1992,y
QCBL,92,1991,y
QCBL,91,1990,y
QCBO,124,2023,y
QCBO,119,2018,y
QCBO,118,2017,y
QCBO,116,2015,y
QCBO,115,2014,y
QCBS,124,2023,y
QCBS,123,2022,y
QCBS,122,2021,y
QCBS,121,2020,y
QCBS,120,2019,y
QCBS,119,2018,y
QCBS,118,2017,y
QCBS,117,2016,y
QCBS,116,2015,y
QCBS,115,2014,y
QCBS,114,2013,y
QCBS,113,2012,y
QCBS,112,2011,y
QCBS,111,2010,y
QCBS,110,2009,y
QCBS,109,2008,y
QCBS,108,2007,y
QCBS,107,2006,y
QCBS,106,2005,y
QCBS,105,2004,y
QCBS,104,2003,y
QCBS,103,2002,y
QCBU,124,2023,n
QCBU,123,2022,n
QCBU,122,2021,n
QCBU,121,2020,n
QCBU,120,2019,n
QCBU,119,2018,n
QCBU,118,2017,n
QCBU,117,2016,n
QCBU,116,2015,n
QCCC,124,2023,y
QCCC,119,2018,y
QCCC,118,2017,y
QCCC,117,2016,y
QCCC,116,2015,y
QCCC,115,2014,y
QCCC,114,2013,y
QCCC,113,2012,y
QCCC,112,2011,y
QCCC,111,2010,y
QCCC,110,2009,y
QCCC,109,2008,y
QCCC,108,2007,y
QCCC,107,2006,y
QCCC,106,2005,y
QCCC,105,2004,y
QCCC,104,2003,y
QCCC,103,2002,y
QCCC,102,2001,y
QCCC,101,2000,y
QCCC,100,1999,y
QCCC,99,1998,y
QCCC,98,1997,y
QCCC,97,1996,y
QCCC,96,1995,y
QCCC,95,1994,y
QCCC,94,1993,y
QCCC,93,1992,y
QCCC,92,1991,y
QCCC,91,1990,y
QCCC,90,1989,y
QCCC,89,1988,y
QCCH,124,2023,y
QCCJ,124,2023,y
QCCJ,123,2022,y
QCCJ,122,2021,y
QCCJ,121,2020,y
QCCJ,120,2019,y
QCCJ,119,2018,y
QCCJ,118,2017,y
QCCJ,115,2014,y
QCCJ,112,2011,y
QCCJ,111,2010,y
QCCJ,110,2009,y
QCCJ,109,2008,y
QCCJ,108,2007,y
QCCJ,107,2006,y
QCCJ,106,2005,y
QCCJ,105,2004,y
QCCJ,104,2003,y
QCCJ,103,2002,y
QCCJ,102,2001,y
QCCJ,101,2000,y
QCCJ,100,1999,y
QCCJ,99,1998,y
QCCJ,98,1997,y
QCCJ,97,1996,y
QCCJ,96,1995,y
QCCJ,95,1994,y
QCCJ,94,1993,y
QCCJ,93,1992,y
QCCJ,92,1991,y
QCCJ,91,1990,y
QCCJ,90,1989,y
QCCJ,89,1988,y
QCCJ,88,1987,y
QCCJ,87,1986,y
QCCJ,86,1985,y
QCCJ,85,1984,y
QCCJ,84,1983,y
QCCJ,83,1982,y
QCCJ,82,1981,y
QCCJ,81,1980,y
QCCJ,80,1979,y
QCCJ,79,1978,y
QCCJ,78,1977,y
QCCJ,77,1976,y
QCCJ,76,1975,y
QCCS,124,2023,y
QCCS,123,2022,y
QCCS,122,2021,y
QCCS,121,2020,y
QCCS,120,2019,y
QCCS,119,2018,y
QCCS,118,2017,y
QCCS,117,2016,y
QCCS,116,2015,y
QCCS,115,2014,y
QCCS,114,2013,y
QCCS,113,2012,y
QCCS,112,2011,y
QCCS,111,2010,y
QCCS,110,2009,y
QCCS,109,2008,y
QCCS,108,2007,y
QCCS,107,2006,y
QCCS,106,2005,y
QCCS,105,2004,y
QCCS,104,2003,y
QCCS,103,2002,y
QCCS,102,2001,y
QCCS,101,2000,y
QCCS,100,1999,y
QCCS,99,1998,y
QCCS,98,1997,y
QCCS,97,1996,y
QCCS,96,1995,y
QCCS,95,1994,y
QCCV,124,2023,y
QCCV,123,2022,y
QCCV,122,2021,y
QCCV,121,2020,y
QCCV,120,2019,y
QCCV,119,2018,y
QCCV,118,2017,y
QCCV,117,2016,y
QCCV,116,2015,y
QCCV,115,2014,y
QCCV,114,2013,y
QCCV,113,2012,y
QCCV,112,2011,y
QCCV,111,2010,y
QCCV,110,2009,y
QCCV,109,2008,y
QCCV,108,2007,y
QCCV,107,2006,y
QCCV,106,2005,y
QCCV,105,2004,y
QCCV,104,2003,y
QCCV,103,2002,y
QCCV,102,2001,y
QCCV,101,2000,y
QCCV,100,1999,y
QCCV,99,1998,y
QCCV,98,1997,y
QCCV,97,1996,y
QCCV,96,1995,y
QCCV,95,1994,y
QCCV,94,1993,y
QCCV,93,1992,y
QCCV,92,1991,y
QCCV,91,1990,y
QCFC,124,2023,y
QCFC,123,2022,y
QCFC,122,2021,y
QCFC,121,2020,y
QCFC,120,2019,y
QCFC,119,2018,y
QCFC,118,2017,y
QCFC,117,2016,y
QCFO,124,2023,y
QCFO,123,2022,y
QCFO,122,2021,y
QCFO,121,2020,y
QCFO,120,2019,y
QCFO,119,2018,y
QCFO,118,2017,y
QCFO,117,2016,y
QCFO,116,2015,y
QCFO,115,2014,y
QCFO,114,2013,y
QCFO,113,2012,y
QCFO,112,2011,y
QCFO,111,2010,y
QCFO,110,2009,y
QCFO,109,2008,y
QCFO,108,2007,y
QCFO,107,2006,y
QCFO,106,2005,y
QCFO,105,2004,y
QCFO,104,2003,y
QCFO,103,2002,y
QCFO,102,2001,y
QCFO,101,2000,y
QCFO,100,1999,y
QCFO,99,1998,y
QCFO,98,1997,y
QCFO,97,1996,y
QCFO,96,1995,y
QCFO,95,1994,y
QCFO,94,1993,y
QCFO,93,1992,y
QCFO,92,1991,y
QCFO,91,1990,y
QCFO,90,1989,y
QCFO,89,1988,y
QCFO,88,1987,y
QCFO,87,1986,y
QCFO,86,1985,y
QCFO,85,1984,y
QCFO,84,1983,y
QCFO,83,1982,y
QCFO,82,1981,y
QCFO,81,1980,y
QCFO,79,1978,y
QCGE,124,2023,y
QCGE,123,2022,y
QCGE,122,2021,y
QCGE,121,2020,y
QCGE,120,2019,y
QCGE,119,2018,y
QCGE,118,2017,y
QCGE,117,2016,y
QCGE,116,2015,y
QCGE,115,2014,y
QCGE,114,2013,y
QCGE,113,2012,y
QCGE,112,2011,y
QCGE,111,2010,y
QCGE,110,2009,y
QCGE,109,2008,y
QCGE,108,2007,y
QCGE,107,2006,y
QCGE,106,2005,y
QCGE,105,2004,y
QCGE,104,2003,y
QCGE,103,2002,y
QCGE,102,2001,y
QCGE,101,2000,y
QCGE,100,1999,y
QCGE,99,1998,y
QCGE,98,1997,y
QCGE,97,1996,y
QCGE,96,1995,y
QCGE,95,1994,y
QCGE,94,1993,y
QCGE,93,1992,y
QCGE,92,1991,y
QCGE,91,1990,y
QCGE,90,1989,y
QCGE,89,1988,y
QCGE,88,1987,y
QCGE,87,1986,y
QCGE,86,1985,y
QCGE,85,1984,y
QCGE,84,1983,y
QCGE,83,1982,y
QCGE,82,1981,y
QCGE,81,1980,y
QCGE,80,1979,y
QCGR,124,2023,y
QCGR,123,2022,y
QCGR,122,2021,y
QCGR,121,2020,y
QCGR,120,2019,y
QCGR,119,2018,y
QCGR,118,2017,y
QCGR,117,2016,y
QCGR,116,2015,y
QCGR,115,2014,y
QCGR,114,2013,y
QCGR,113,2012,y
QCGR,112,2011,y
QCGR,111,2010,y
QCGR,110,2009,y
QCGR,109,2008,y
QCGR,108,2007,y
QCGR,107,2006,y
QCGR,106,2005,y
QCGR,105,2004,y
QCGR,104,2003,y
QCGR,103,2002,y
QCGR,102,2001,y
QCGR,101,2000,y
QCGR,100,1999,y
QCGR,99,1998,y
QCGR,98,1997,y
QCGR,97,1996,y
QCGR,96,1995,y
QCGR,95,1994,y
QCGR,94,1993,y
QCGR,93,1992,y
QCGR,92,1991,y
QCGR,91,1990,y
QCGR,90,1989,y
QCGR,89,1988,y
QCGR,88,1987,y
QCGR,87,1986,y
QCGR,84,1983,y
QCGR,83,1982,y
QCGR,82,1981,y
QCGR,81,1980,y
QCGR,80,1979,y
QCGR,79,1978,y
QCGR,78,1977,y
QCGR,77,1976,y
QCGR,76,1975,y
QCHE,124,2023,y
QCHE,123,2022,y
QCHE,122,2021,y
QCHE,121,2020,y
QCHE,120,2019,y
QCHE,119,2018,y
QCHE,118,2017,y
QCHE,117,2016,y
QCHE,116,2015,y
QCHE,115,2014,y
QCHE,114,2013,y
QCHE,113,2012,y
QCHE,112,2011,y
QCHE,111,2010,y
QCHE,110,2009,y
QCHE,109,2008,y
QCHE,108,2007,y
QCHE,107,2006,y
QCHU,124,2023,y
QCHU,123,2022,y
QCHU,122,2021,y
QCHU,121,2020,y
QCHU,120,2019,y
QCHU,119,2018,y
QCHU,118,2017,y
QCHU,117,2016,y
QCHU,116,2015,y
QCHU,115,2014,y
QCHU,114,2013,y
QCHU,113,2012,y
QCHU,112,2011,y
QCHU,111,2010,y
QCHU,110,2009,y
QCHU,109,2008,y
QCHU,108,2007,y
QCHU,107,2006,y
QCHU,106,2005,y
QCHU,105,2004,y
QCHU,104,2003,y
QCHU,103,2002,y
QCHU,102,2001,y
QCHU,101,2000,y
QCHU,100,1999,y
QCHU,99,1998,y
QCHU,98,1997,y
QCHU,97,1996,y
QCHU,96,1995,y
QCHU,95,1994,y
QCHU,94,1993,y
QCHU,93,1992,y
QCHU,92,1991,y
QCHU,91,1990,y
QCHU,90,1989,y
QCHU,89,1988,y
QCHU,88,1987,y
QCHU,87,1986,y
QCHU,86,1985,y
QCHU,85,1984,y
QCHU,84,1983,y
QCHU,83,1982,y
QCHU,82,1981,y
QCHU,81,1980,y
QCHU,80,1979,y
QCHU,79,1978,y
QCHU,78,1977,y
QCHU,77,1976,y
QCHU,76,1975,y
QCHU,75,1974,y
QCIC,124,2023,y
QCIC,123,2022,y
QCIC,122,2021,y
QCIC,121,2020,y
QCIC,120,2019,y
QCIC,119,2018,y
QCIC,118,2017,y
QCIC,117,2016,y
QCIC,116,2015,y
QCIC,115,2014,y
QCIC,114,2013,y
QCIC,113,2012,y
QCIC,112,2011,y
QCIC,111,2010,y
QCIC,110,2009,y
QCIC,109,2008,y
QCIC,108,2007,y
QCIC,107,2006,y
QCIC,106,2005,y
QCIC,105,2004,y
QCIC,104,2003,y
QCIC,103,2002,y
QCIM,124,2023,y
QCIM,121,2020,y
QCIM,120,2019,y
QCIM,119,2018,y
QCIM,118,2017,y
QCIM,117,2016,y
QCIM,116,2015,y
QCIM,115,2014,y
QCIM,113,2012,y
QCIM,108,2007,y
QCLA,124,2023,y
QCLA,123,2022,y
QCLA,122,2021,y
QCLA,121,2020,y
QCLA,120,2019,y
QCLA,119,2018,y
QCLA,118,2017,y
QCLA,117,2016,y
QCLA,116,2015,y
QCLA,115,2014,y
QCLA,114,2013,y
QCLA,113,2012,y
QCLA,112,2011,y
QCLA,111,2010,y
QCLA,110,2009,y
QCLA,109,2008,y
QCLA,108,2007,y
QCLC,124,2023,y
QCLC,123,2022,y
QCLC,121,2020,y
QCLC,120,2019,y
QCLC,118,2017,y
QCLC,117,2016,y
QCLC,116,2015,y
QCLC,115,2014,y
QCLC,114,2013,y
QCLC,113,2012,y
QCLC,112,2011,y
QCLC,111,2010,y
QCLC,110,2009,y
QCLE,124,2023,y
QCLE,123,2022,y
QCLE,122,2021,y
QCLE,121,2020,y
QCLE,120,2019,y
QCLE,119,2018,y
QCLE,118,2017,y
QCLE,117,2016,y
QCLE,116,2015,y
QCLE,115,2014,y
QCLE,114,2013,y
QCLE,113,2012,y
QCLE,112,2011,y
QCLE,111,2010,y
QCLE,110,2009,y
QCLE,109,2008,y
QCLE,108,2007,y
QCLE,107,2006,y
QCLE,106,2005,y
QCLE,105,2004,y
QCLE,104,2003,y
QCLE,103,2002,y
QCLE,102,2001,y
QCLE,101,2000,y
QCLE,100,1999,y
QCLE,99,1998,y
QCLE,98,1997,y
QCLE,97,1996,y
QCLE,96,1995,y
QCLE,95,1994,y
QCLE,94,1993,y
QCLE,93,1992,y
QCLE,92,1991,y
QCLE,91,1990,y
QCLE,90,1989,y
QCLE,89,1988,y
QCLM,124,2023,y
QCLM,123,2022,y
QCLM,122,2021,y
QCLM,121,2020,y
QCLM,120,2019,y
QCLM,119,2018,y
QCLM,118,2017,y
QCLM,117,2016,y
QCLM,115,2014,y
QCLM,114,2013,y
QCLO,124,2023,y
QCLO,123,2022,y
QCLO,122,2021,y
QCLO,121,2020,y
QCLO,120,2019,y
QCLO,119,2018,y
QCLO,118,2017,y
QCLO,117,2016,y
QCLO,116,2015,y
QCLO,115,2014,y
QCLO,114,2013,y
QCLO,113,2012,y
QCLO,112,2011,y
QCLO,111,2010,y
QCLO,110,2009,y
QCLO,109,2008,y
QCLO,108,2007,y
QCLO,107,2006,y
QCLO,106,2005,y
QCLO,105,2004,y
QCLO,104,2003,y
QCLO,103,2002,y
QCLO,102,2001,y
QCLO,101,2000,y
QCLO,100,1999,y
QCLO,99,1998,y
QCLO,98,1997,y
QCLO,97,1996,y
QCLO,96,1995,y
QCLO,95,1994,y
QCMI,124,2023,y
QCMI,123,2022,y
QCMI,122,2021,y
QCMI,121,2020,y
QCMI,120,2019,y
QCMI,119,2018,y
QCMI,118,2017,y
QCMI,117,2016,y
QCMI,116,2015,y
QCMI,115,2014,y
QCMI,114,2013,y
QCMI,113,2012,y
QCMI,112,2011,y
QCMI,111,2010,y
QCMI,110,2009,y
QCMI,109,2008,y
QCMI,108,2007,y
QCMI,107,2006,y
QCMM,124,2023,y
QCMM,123,2022,y
QCMM,122,2021,y
QCMM,121,2020,y
QCMM,120,2019,y
QCMM,119,2018,y
QCMM,118,2017,y
QCMM,117,2016,y
QCMM,116,2015,y
QCMM,115,2014,y
QCMM,114,2013,y
QCMM,113,2012,y
QCMM,112,2011,y
QCMO,124,2023,y
QCMO,123,2022,y
QCMO,122,2021,y
QCMO,121,2020,y
QCMO,120,2019,y
QCMO,119,2018,y
QCMO,118,2017,y
QCMO,117,2016,y
QCMO,116,2015,y
QCMO,115,2014,y
QCMO,114,2013,y
QCMO,113,2012,y
QCMO,112,2011,y
QCMO,111,2010,y
QCMO,110,2009,y
QCMO,109,2008,y
QCMO,108,2007,y
QCMO,107,2006,y
QCMO,106,2005,y
QCMO,105,2004,y
QCMO,104,2003,y
QCMO,103,2002,y
QCMO,102,2001,y
QCMO,101,2000,y
QCMO,100,1999,y
QCMO,99,1998,y
QCMO,98,1997,y
QCMO,97,1996,y
QCMO,96,1995,y
QCMO,95,1994,y
QCMO,94,1993,y
QCMO,93,1992,y
QCMO,92,1991,y
QCMO,91,1990,y
QCMO,90,1989,y
QCMO,89,1988,y
QCMO,88,1987,y
QCMO,87,1986,y
QCMO,86,1985,y
QCMO,85,1984,y
QCMO,84,1983,y
QCMO,83,1982,y
QCMO,82,1981,y
QCMO,81,1980,y
QCMO,80,1979,y
QCMO,79,1978,y
QCMO,78,1977,y
QCMO,77,1976,y
QCMO,76,1975,y
QCMO,75,1974,y
QCMO,74,1973,y
QCMO,73,1972,y
QCMO,72,1971,y
QCMO,71,1970,y
QCMO,69,1968,y
QCMO,68,1967,y
QCMO,67,1966,y
QCMO,66,1965,y
QCMO,65,1964,y
QCMO,64,1963,y
QCMO,63,1962,y
QCMO,62,1961,y
QCMO,61,1960,y
QCMO,60,1959,y
QCMO,59,1958,y
QCMO,58,1957,y
QCMO,57,1956,y
QCMO,55,1954,y
QCMO,54,1953,y
QCMO,53,1952,y
QCMO,52,1951,y
QCMO,51,1950,y
QCMO,50,1949,y
QCMO,48,1947,y
QCMO,47,1946,y
QCMO,46,1945,y
QCMO,45,1944,y
QCMO,42,1941,y
QCMO,41,1940,y
QCMO,40,1939,y
QCMO,39,1938,y
QCMO,38,1937,y
QCMO,37,1936,y
QCMO,36,1935,y
QCMO,35,1934,y
QCMO,34,1933,y
QCMO,33,1932,y
QCMO,32,1931,y
QCNR,124,2023,y
QCNR,123,2022,y
QCNR,122,2021,y
QCNR,121,2020,y
QCNR,120,2019,y
QCNR,119,2018,y
QCNR,118,2017,y
QCNR,117,2016,y
QCNR,116,2015,y
QCNR,115,2014,y
QCNR,114,2013,y
QCNR,113,2012,y
QCNR,112,2011,y
QCNR,111,2010,y
QCNR,110,2009,y
QCNR,109,2008,y
QCNR,107,2006,y
QCNR,106,2005,y
QCNR,105,2004,y
QCNR,104,2003,y
QCNR,103,2002,y
QCNR,102,2001,y
QCNR,101,2000,y
QCNR,100,1999,y
QCNR,99,1998,y
QCNR,98,1997,y
QCNR,97,1996,y
QCNR,96,1995,y
QCNR,95,1994,y
QCNR,94,1993,y
QCNR,93,1992,y
QCNR,92,1991,y
QCNR,91,1990,y
QCNR,90,1989,y
QCNR,89,1988,y
QCNR,88,1987,y
QCNR,87,1986,y
QCNR,86,1985,y
QCNR,83,1982,y
QCNR,82,1981,y
QCNR,66,1965,y
QCNR,65,1964,y
QCNT,124,2023,y
QCNT,123,2022,y
QCNT,122,2021,y
QCNT,121,2020,y
QCNT,120,2019,y
QCNT,119,2018,y
QCNT,118,2017,y
QCNT,117,2016,y
QCNT,116,2015,y
QCNT,115,2014,y
QCOP,124,2023,y
QCOP,123,2022,y
QCOP,122,2021,y
QCOP,121,2020,y
QCOP,120,2019,y
QCOP,119,2018,y
QCOP,118,2017,y
QCOP,117,2016,y
QCOP,116,2015,y
QCOP,115,2014,y
QCOP,114,2013,y
QCOP,113,2012,y
QCOP,112,2011,y
QCOP,111,2010,y
QCOP,110,2009,y
QCOP,109,2008,y
QCOP,108,2007,y
QCOP,107,2006,y
QCOP,106,2005,y
QCOP,105,2004,y
QCOP,104,2003,y
QCOP,103,2002,y
QCOP,102,2001,y
QCOP,101,2000,y
QCOP,100,1999,y
QCOP,99,1998,y
QCOP,98,1997,y
QCOP,97,1996,y
QCOP,96,1995,y
QCOP,95,1994,y
QCOP,94,1993,y
QCOP,93,1992,y
QCOP,92,1991,y
QCOP,91,1990,y
QCOP,90,1989,y
QCOP,89,1988,y
QCOP,88,1987,y
QCPA,124,2023,n
QCPA,123,2022,n
QCPA,122,2021,n
QCPA,121,2020,n
QCPA,120,2019,n
QCPA,119,2018,n
QCPA,118,2017,n
QCPA,117,2016,n
QCPA,116,2015,n
QCPA,108,2007,n
QCPA,107,2006,n
QCPA,106,2005,n
QCPA,105,2004,n
QCPA,104,2003,n
QCPA,103,2002,n
QCPA,102,2001,n
QCPA,101,2000,n
QCPA,100,1999,n
QCPA,99,1998,n
QCPA,98,1997,n
QCPE,124,2023,y
QCPE,123,2022,y
QCPE,122,2021,y
QCPE,121,2020,y
QCPE,120,2019,y
QCPE,119,2018,y
QCPE,118,2017,y
QCPE,117,2016,y
QCPE,116,2015,y
QCPE,115,2014,y
QCPE,114,2013,y
QCPE,113,2012,y
QCPE,112,2011,y
QCPE,111,2010,y
QCPE,110,2009,y
QCPE,109,2008,y
QCPE,108,2007,y
QCPE,107,2006,y
QCPE,106,2005,y
QCPE,105,2004,y
QCPE,104,2003,y
QCPE,103,2002,y
QCPE,102,2001,y
QCPE,101,2000,y
QCPE,100,1999,y
QCPE,99,1998,y
QCPE,98,1997,y
QCPE,97,1996,y
QCPE,96,1995,y
QCPE,95,1994,y
QCPE,94,1993,y
QCPE,93,1992,y
QCPE,92,1991,y
QCPE,91,1990,y
QCPE,90,1989,y
QCPE,89,1988,y
QCPE,88,1987,y
QCPE,87,1986,y
QCPE,86,1985,y
QCPE,85,1984,y
QCPE,84,1983,y
QCPE,83,1982,y
QCPE,82,1981,y
QCQS,124,2023,y
QCQS,123,2022,y
QCQS,122,2021,y
QCQS,121,2020,y
QCQS,120,2019,y
QCQS,119,2018,y
QCQS,118,2017,y
QCQS,117,2016,y
QCQS,116,2015,y
QCQS,115,2014,y
QCQS,114,2013,y
QCQS,113,2012,y
QCQS,112,2011,y
QCQU,124,2023,
QCQU,123,2022,
QCQU,122,2021,
QCQU,121,2020,
QCQU,120,2019,
QCQU,119,2018,
QCQU,118,2017,
QCQU,117,2016,
QCQU,116,2015,
QCQU,115,2014,
QCQU,114,2013,
QCQU,113,2012,
QCQU,112,2011,
QCQU,111,2010,
QCQU,110,2009,
QCQU,109,2008,
QCQU,108,2007,
QCQU,107,2006,
QCQU,106,2005,
QCQU,105,2004,
QCQU,104,2003,
QCQU,103,2002,
QCQU,102,2001,
QCQU,101,2000,
QCQU,100,1999,
QCQU,99,1998,
QCQU,98,1997,
QCQU,97,1996,
QCQU,96,1995,
QCQU,95,1994,
QCQU,94,1993,
QCQU,93,1992,
QCQU,92,1991,
QCQU,91,1990,
QCQU,90,1989,
QCQU,89,1988,y
QCQU,88,1987,y
QCQU,86,1985,y
QCQU,85,1984,y
QCQU,84,1983,y
QCQU,83,1982,y
QCQU,82,1981,y
QCQU,81,1980,y
QCQU,80,1979,y
QCQU,79,1978,y
QCQU,78,1977,y
QCQU,77,1976,y
QCQU,76,1975,y
QCQU,75,1974,y
QCQU,74,1973,y
QCQU,73,1972,y
QCQU,72,1971,y
QCQU,71,1970,y
QCQU,70,1969,y
QCQU,69,1968,y
QCQU,68,1967,y
QCQU,67,1966,y
QCQU,66,1965,y
QCQU,65,1964,y
QCQU,64,1963,y
QCQU,63,1962,y
QCQU,62,1961,y
QCQU,61,1960,y
QCQU,60,1959,y
QCQU,49,1948,y
QCQU,58,1957,y
QCQU,57,1956,y
QCQU,56,1955,y
QCQU,55,1954,y
QCQU,54,1953,y
QCQU,53,1952,y
QCQU,52,1951,y
QCQU,51,1950,y
QCQU,50,1949,y
QCQU,49,1948,y
QCQU,48,1947,y
QCQU,47,1946,y
QCQU,46,1945,y
QCQU,45,1944,y
QCQU,44,1943,y
QCQU,21,1920,y
QCQU,20,1919,y
QCQU,19,1918,y
QCSE,124,2023,y
QCSE,123,2022,y
QCSE,122,2021,y
QCSE,121,2020,y
QCSE,120,2019,y
QCSE,119,2018,y
QCSE,118,2017,y
QCSE,117,2016,y
QCSE,116,2015,y
QCSE,115,2014,y
QCSE,113,2012,y
QCSE,112,2011,y
QCSE,105,2004,y
QCSE,104,2003,y
QCSE,103,2002,y
QCSE,102,2001,y
QCSE,101,2000,y
QCSE,100,1999,y
QCSE,99,1998,y
QCSE,98,1997,y
QCSE,97,1996,y
QCSE,96,1995,y
QCSE,95,1994,y
QCSE,94,1993,y
QCSE,93,1992,y
QCSJ,124,2023,y
QCSJ,123,2022,y
QCSJ,122,2021,y
QCSJ,121,2020,y
QCSJ,120,2019,y
QCSJ,119,2018,y
QCSJ,118,2017,y
QCSJ,117,2016,y
QCSJ,116,2015,y
QCSJ,115,2014,y
QCSJ,114,2013,y
QCSJ,113,2012,y
QCSJ,112,2011,y
QCSJ,111,2010,y
QCSJ,110,2009,y
QCSJ,109,2008,y
QCSJ,108,2007,y
QCSJ,107,2006,y
QCSJ,106,2005,y
QCSJ,105,2004,y
QCSJ,104,2003,y
QCSJ,103,2002,y
QCSJ,102,2001,y
QCSJ,101,2000,y
QCST,124,2023,y
QCST,119,2018,y
QCST,118,2017,y
QCST,117,2016,y
QCST,116,2015,y
QCST,115,2014,y
QCST,114,2013,y
QCST,113,2012,y
QCST,112,2011,y
QCST,111,2010,y
QCST,110,2009,y
QCST,109,2008,y
QCST,108,2007,y
QCST,107,2006,y
QCST,106,2005,y
QCST,105,2004,y
QCST,104,2003,y
QCST,103,2002,y
QCST,102,2001,y
QCST,101,2000,y
QCST,100,1999,y
QCST,99,1998,y
QCST,98,1997,y
QCST,97,1996,y
QCST,96,1995,y
QCST,95,1994,y
QCST,94,1993,y
QCST,93,1992,y
QCST,92,1991,y
QCST,91,1990,y
QCST,90,1989,y
QCTA,124,2023,y
QCTA,123,2022,y
QCTA,122,2021,y
QCTA,121,2020,y
QCTA,120,2019,y
QCTA,119,2018,y
QCTA,118,2017,y
QCTA,117,2016,y
QCTA,116,2015,y
QCTA,115,2014,y
QCTA,114,2013,y
QCTA,113,2012,y
QCTA,112,2011,y
QCTA,111,2010,y
QCTA,110,2009,y
QCTA,109,2008,y
QCTA,108,2007,y
QCTA,107,2006,y
QCTA,106,2005,y
QCTA,105,2004,y
QCTA,104,2003,y
QCTA,103,2002,y
QCTA,102,2001,y
QCTA,101,2000,y
QCTA,100,1999,y
QCTA,99,1998,y
QCTA,98,1997,y
QCTA,97,1996,y
QCTA,96,1995,y
QCTA,95,1994,y
QCTA,94,1993,y
QCTA,93,1992,y
QCTA,92,1991,y
QCTA,91,1990,y
QCTA,90,1989,y
QCTA,89,1988,y
QCTA,88,1987,y
QCTA,87,1986,y
QCTA,86,1985,y
QCTA,85,1984,y
QCTA,84,1983,y
QCTA,83,1982,y
QCTA,82,1981,y
QCTA,81,1980,y
QCTA,80,1979,y
QCTA,79,1978,y
QCVM,124,2023,y
QCVM,123,2022,y
QCVM,122,2021,y
QCVM,121,2020,y
QCVM,120,2019,y
QCVM,119,2018,y
QCVM,118,2017,y
QCVM,117,2016,y
QCVM,116,2015,y
QCVM,115,2014,y
QCVM,112,2011,y
QCVM,109,2008,y
QCVM,108,2007,y