"","ID","Site","randLat","randLon","Winter","Mean_Veg_Height_25_m","Mean_Veg_Height_50_m","Mean_Veg_Height_100_m","Mean_Veg_Height_200_m","Sd_Veg_Height_25_m","Sd_Veg_Height_50_m","Sd_Veg_Height_100_m","Sd_Veg_Height_200_m","mean_Pop_Dens_25_m","mean_Pop_Dens_50_m","mean_Pop_Dens_100_m","mean_Pop_Dens_200_m","mean_Single_House_25_m","mean_Single_House_50_m","mean_Single_House_100_m","mean_Single_House_200_m","mean_Semi_Detached_House_25_m","mean_Semi_Detached_House_50_m","mean_Semi_Detached_House_100_m","mean_Semi_Detached_House_200_m","mean_Row_House_25_m","mean_Row_House_50_m","mean_Row_House_100_m","mean_Row_House_200_m","mean_App_Duplex_25_m","mean_App_Duplex_50_m","mean_App_Duplex_100_m","mean_App_Duplex_200_m","mean_App_Less_5_Storeys_25_m","mean_App_Less_5_Storeys_50_m","mean_App_Less_5_Storeys_100_m","mean_App_Less_5_Storeys_200_m","mean_App_Over_5_Storeys_25_m","mean_App_Over_5_Storeys_50_m","mean_App_Over_5_Storeys_100_m","mean_App_Over_5_Storeys_200_m","sd_Pop_Dens_25_m","sd_Pop_Dens_50_m","sd_Pop_Dens_100_m","sd_Pop_Dens_200_m","sd_Single_House_25_m","sd_Single_House_50_m","sd_Single_House_100_m","sd_Single_House_200_m","sd_Semi_Detached_House_25_m","sd_Semi_Detached_House_50_m","sd_Semi_Detached_House_100_m","sd_Semi_Detached_House_200_m","sd_Row_House_25_m","sd_Row_House_50_m","sd_Row_House_100_m","sd_Row_House_200_m","sd_App_Duplex_25_m","sd_App_Duplex_50_m","sd_App_Duplex_100_m","sd_App_Duplex_200_m","sd_App_Less_5_Storeys_25_m","sd_App_Less_5_Storeys_50_m","sd_App_Less_5_Storeys_100_m","sd_App_Less_5_Storeys_200_m","sd_App_Over_5_Storeys_25_m","sd_App_Over_5_Storeys_50_m","sd_App_Over_5_Storeys_100_m","sd_App_Over_5_Storeys_200_m"
"1","104",1,45.4308644909405,-73.9389326825134,2,3.43099221770698,4.13903107039102,3.84370682448099,5.52242603617321,3.8268960561665,5.82076630089203,6.0809950393829,7.64385456632919,118.3,118.3,118.3,118.3,355,355,355,355,20,20,20,20,15,15,15,15,0,0,0,0,5,5,5,5,0,0,0,0,0,0,0,0,0,0,0,0,0,0,0,0,0,0,0,0,0,0,0,0,0,0,0,0,0,0,0,0
"2","104",1,45.432037385891,-73.9392260447262,2,8.97658007125546,8.35216839614376,7.80627116709583,8.06488622404775,3.00954089592034,6.59378079131701,8.85552240553681,9.8354283195556,118.3,118.3,118.3,118.3,355,355,355,355,20,20,20,20,15,15,15,15,0,0,0,0,5,5,5,5,0,0,0,0,0,0,0,0,0,0,0,0,0,0,0,0,0,0,0,0,0,0,0,0,0,0,0,0,0,0,0,0
"3","104",1,45.4301235117535,-73.9397586000985,2,1.90320929567603,2.82558957788324,4.04502409251873,7.29254851942382,2.67160601516858,3.49380116585336,4.43495558127792,8.04774319068521,118.3,118.3,118.3,118.3,355,355,355,355,20,20,20,20,15,15,15,15,0,0,0,0,5,5,5,5,0,0,0,0,0,0,0,0,0,0,0,0,0,0,0,0,0,0,0,0,0,0,0,0,0,0,0,0,0,0,0,0
"4","104",1,45.4310275031109,-73.9396103577289,2,3.42877607720049,3.4463011574314,8.27377519651943,8.84681871526059,4.01108596598032,4.69578464706771,8.3496380078475,9.53335732739302,118.3,118.3,118.3,118.3,355,355,355,355,20,20,20,20,15,15,15,15,0,0,0,0,5,5,5,5,0,0,0,0,0,0,0,0,0,0,0,0,0,0,0,0,0,0,0,0,0,0,0,0,0,0,0,0,0,0,0,0
"5","104",1,45.4299402729376,-73.938414396083,2,1.11168361753074,3.18378322819421,3.06192620398958,3.67626357222516,1.7484364578775,4.60078523964265,4.40928075318212,5.3652660007482,118.3,118.3,118.3,118.3,355,355,355,355,20,20,20,20,15,15,15,15,0,0,0,0,5,5,5,5,0,0,0,0,0,0,0,0,0,0,0,0,0,0,0,0,0,0,0,0,0,0,0,0,0,0,0,0,0,0,0,0
"6","104",1,45.4282058286317,-73.9407542163525,2,9.54547690764295,12.8064009774778,14.3700738341437,12.2159341367964,7.85300392198315,7.61714114907308,7.99473212106996,9.41113080976662,118.3,118.3,118.3,118.3,355,355,355,355,20,20,20,20,15,15,15,15,0,0,0,0,5,5,5,5,0,0,0,0,0,0,0,0,0,0,0,0,0,0,0,0,0,0,0,0,0,0,0,0,0,0,0,0,0,0,0,0
"7","104",1,45.4115755294998,-73.9295088340795,2,5.5618092092656,6.63491198425847,7.27538957069757,7.53201018534462,4.56056005865795,6.02756993610575,6.41155633625166,7.02953098515488,201.7,201.7,534.533333333333,612.847058823529,155,155,163.333333333333,165.294117647059,0,0,0,0,40,40,26.6666666666667,23.5294117647059,0,0,0,0,40,40,26.6666666666667,23.5294117647059,0,0,0,0,0,0,491.627414971455,496.304546565087,0,0,12.3091490979333,12.4262530436927,0,0,0,0,0,0,19.6946385566932,19.8820048699083,0,0,0,0,0,0,19.6946385566932,19.8820048699083,0,0,0,0
"8","104",1,45.4284657456813,-73.9401690814286,2,12.6980333663466,11.5135970101095,10.7238121578986,10.3878217608203,3.08110610407453,5.31376939756736,7.55678182659113,8.93264757552876,118.3,118.3,118.3,118.3,355,355,355,355,20,20,20,20,15,15,15,15,0,0,0,0,5,5,5,5,0,0,0,0,0,0,0,0,0,0,0,0,0,0,0,0,0,0,0,0,0,0,0,0,0,0,0,0,0,0,0,0
"9","104",1,45.4290486660464,-73.9371506983267,2,7.15139643545667,5.67407478333488,4.16994323033406,4.21871643834474,5.08204174593071,5.58292267923248,5.14981956669518,5.77405246140957,118.3,118.3,118.3,118.3,355,355,355,355,20,20,20,20,15,15,15,15,0,0,0,0,5,5,5,5,0,0,0,0,0,0,0,0,0,0,0,0,0,0,0,0,0,0,0,0,0,0,0,0,0,0,0,0,0,0,0,0
"10","104",1,45.4288441358956,-73.9346476029217,2,4.45017806866993,2.82596171093591,2.16441196534942,1.92931521513819,6.389993683525,5.12810175865113,4.61938847142966,4.50605028982408,118.3,118.3,118.3,118.3,355,355,355,355,20,20,20,20,15,15,15,15,0,0,0,0,5,5,5,5,0,0,0,0,0,0,0,0,0,0,0,0,0,0,0,0,0,0,0,0,0,0,0,0,0,0,0,0,0,0,0,0
"11","104",1,45.4291282524918,-73.9406631782635,2,16.4220117597148,13.4995079035666,9.4875681527272,8.73043591530627,4.51004134332285,6.71468841746696,7.92573713804896,8.68929583212226,118.3,118.3,118.3,118.3,355,355,355,355,20,20,20,20,15,15,15,15,0,0,0,0,5,5,5,5,0,0,0,0,0,0,0,0,0,0,0,0,0,0,0,0,0,0,0,0,0,0,0,0,0,0,0,0,0,0,0,0
"12","104",1,45.4302007207343,-73.9360629624811,2,0.0431618505971252,0.144488523449308,1.12312807395501,1.69132677229428,0.0182370714088161,0.650401354085246,2.98697890719022,3.86407766741757,118.3,118.3,118.3,118.3,355,355,355,355,20,20,20,20,15,15,15,15,0,0,0,0,5,5,5,5,0,0,0,0,0,0,0,0,0,0,0,0,0,0,0,0,0,0,0,0,0,0,0,0,0,0,0,0,0,0,0,0
"13","104",1,45.4268826512551,-73.9393786006944,2,1.77185713709618,2.95176059521376,6.62454413152983,8.40746552449166,3.21944705320327,4.55462383888925,7.35044373340238,9.01776575217796,118.3,118.3,118.3,118.3,355,355,355,355,20,20,20,20,15,15,15,15,0,0,0,0,5,5,5,5,0,0,0,0,0,0,0,0,0,0,0,0,0,0,0,0,0,0,0,0,0,0,0,0,0,0,0,0,0,0,0,0
"14","104",1,45.4300919488193,-73.9376456045893,2,5.0715688782205,4.29900282334858,2.24043100563545,2.5121536800778,5.96982819917058,5.65196227641254,4.3834954578124,4.36853701034584,118.3,118.3,118.3,118.3,355,355,355,355,20,20,20,20,15,15,15,15,0,0,0,0,5,5,5,5,0,0,0,0,0,0,0,0,0,0,0,0,0,0,0,0,0,0,0,0,0,0,0,0,0,0,0,0,0,0,0,0
"15","104",1,45.4306567541779,-73.9388334476812,2,2.27988288238758,2.21519025369193,3.24223289770231,4.95978757945266,2.56532558403157,3.50345561538857,5.01493029741988,7.0496017976779,118.3,118.3,118.3,118.3,355,355,355,355,20,20,20,20,15,15,15,15,0,0,0,0,5,5,5,5,0,0,0,0,0,0,0,0,0,0,0,0,0,0,0,0,0,0,0,0,0,0,0,0,0,0,0,0,0,0,0,0
"16","104",1,45.4311397612021,-73.940224323268,2,11.9837172224714,11.067672258362,12.0960131521847,10.8949730165701,6.69345048484421,8.06309085051376,9.48753071115379,9.99565742166975,118.3,118.3,118.3,118.3,355,355,355,355,20,20,20,20,15,15,15,15,0,0,0,0,5,5,5,5,0,0,0,0,0,0,0,0,0,0,0,0,0,0,0,0,0,0,0,0,0,0,0,0,0,0,0,0,0,0,0,0
"17","104",1,45.4302492560951,-73.939796618908,2,2.52399488065688,3.23422162460277,4.17588454878207,7.55521457298428,2.77088730166406,3.8828295445172,4.5710432943358,8.29884855099621,118.3,118.3,118.3,118.3,355,355,355,355,20,20,20,20,15,15,15,15,0,0,0,0,5,5,5,5,0,0,0,0,0,0,0,0,0,0,0,0,0,0,0,0,0,0,0,0,0,0,0,0,0,0,0,0,0,0,0,0
"18","104",1,45.4312191071156,-73.9400226609071,2,7.91485709055238,8.36981639490357,11.4251709777228,10.5083367684316,7.69866854926764,7.51838255780483,9.21010371317798,9.97641328290633,118.3,118.3,118.3,118.3,355,355,355,355,20,20,20,20,15,15,15,15,0,0,0,0,5,5,5,5,0,0,0,0,0,0,0,0,0,0,0,0,0,0,0,0,0,0,0,0,0,0,0,0,0,0,0,0,0,0,0,0
"19","104",1,45.4300442702338,-73.9375904872805,2,4.60781378229686,4.48239199360924,2.24002063273598,2.51441457145203,5.76825748804423,5.79634242001206,4.4357963006029,4.30784706295905,118.3,118.3,118.3,118.3,355,355,355,355,20,20,20,20,15,15,15,15,0,0,0,0,5,5,5,5,0,0,0,0,0,0,0,0,0,0,0,0,0,0,0,0,0,0,0,0,0,0,0,0,0,0,0,0,0,0,0,0
"20","107",6,45.4562128626233,-73.6472612085673,2,5.40914479801488,6.86928478557128,7.75617812090841,7.73457478170621,4.70252315123646,5.17759680263677,5.79436958010265,5.88966367487026,4254,4254,4605.875,4873.9137254902,50,50,57.5,66.9607843137255,70,70,68.75,64.9019607843137,0,0,0.416666666666667,1.66666666666667,85,85,66.6666666666667,55.2941176470588,45,45,53.75,52.843137254902,0,0,0,0,0,0,636.587423297068,715.327977369712,0,0,17.5162262436343,26.3453683096773,0,0,7.72392975816656,13.1715677152885,0,0,1.44337567297406,3.41565025531987,0,0,33.1890818118723,37.9395804497873,0,0,24.3203057696089,26.481217909318,0,0,0,0
"21","107",6,45.4546610336421,-73.6424352589935,2,6.36999397120292,6.46026738488075,6.96426011875654,7.82466180144459,4.76227200855871,4.50927912048028,5.63919303747727,7.35142292758887,4254,4954.2,8394.4,9889.79019607843,50,57.5,48.0769230769231,48.6274509803922,70,72.5,61.1538461538462,46.6666666666667,0,0,0,0.490196078431373,85,47.5,46.1538461538462,40,45,75,72.6923076923077,79.9019607843137,0,0,56.9230769230769,72.5490196078431,0,990.232336373641,8578.819712136,9117.66736206701,0,10.6066017177982,22.5035609717719,38.0273379474892,0,3.53553390593274,27.2453242283459,32.1195682826944,0,0,0,1.50163309792516,0,53.0330085889911,37.5917680568635,33.1511689085016,0,42.4264068711929,28.6222076232909,44.0623444233104,0,0,138.94750899678,148.362301643711
"22","107",6,45.4624418493802,-73.6413318600374,2,8.44054911209352,7.62344378567296,6.90330519247122,6.45902822128715,6.51768472854212,5.90868690224973,5.8459593560629,6.10514991725207,4970,4970,5460.26923076923,6654.59615384615,65,65,60,47.8846153846154,125,125,115.384615384615,90.5769230769231,0,0,0,0,30,30,37.3076923076923,58.8461538461538,30,30,31.5384615384615,52.9807692307692,0,0,15.3846153846154,41.1538461538461,0,0,1767.69085032075,2719.98729242717,0,0,18.0277563773199,27.8361127034183,0,0,34.6687622640768,55.7889391503672,0,0,0,0,0,0,26.3482593206984,50.8709958641578,0,0,5.54700196225229,59.9612588602221,0,0,55.4700196225229,78.8185766436615
"23","107",6,45.460839650851,-73.644315103232,2,4.95588402732881,2.86799449852657,2.85587161980397,3.95763633620369,3.45467218966235,3.79902018854376,4.22439403224192,5.07408576656946,4300,3797.325,3681.32307692308,4944.88039215686,35,33.75,33.4615384615385,30.5882352941176,65,72.5,74.2307692307692,67.156862745098,0,0,0,0,110,86.25,80.7692307692308,81.8627450980392,90,76.25,73.0769230769231,65,0,0,0,31.3725490196079,0,1005.35,965.909036567666,2932.68211588093,0,2.5,2.40192230707631,15.95766457924,0,15,14.4115338424578,34.5435218523066,0,0,0,0,0,47.5,45.6365238344498,45.6832659112035,0,27.5,26.4211453778394,26.3248931621764,0,0,0,73.4580045425448
"24","107",6,45.4616387227463,-73.6424718992359,2,6.65119779890206,4.91256048303298,5.12959746550821,5.76515182278084,4.95785774444751,4.72273635977797,5.37647333830802,5.66287537628067,4970,4970,5808.85833333333,5970.54807692307,65,65,51.25,38.5576923076923,125,125,101.666666666667,81.0576923076923,0,0,0,0,30,30,44.5833333333333,60.0961538461538,30,30,33.75,42.8846153846154,0,0,33.3333333333333,50,0,0,2696.54589410512,3285.67132403777,0,0,25.9479373851845,26.6483369319138,0,0,48.257516293194,51.1278341988418,0,0,0,0,0,0,37.8068255822419,46.6262820842009,0,0,7.72392975816656,19.0032544644681,0,0,77.8498944161523,87.4474632195206
"25","107",6,45.4646412310931,-73.6429381261476,2,8.32044628672767,7.96343886953963,7.67406372211261,6.85604831021119,5.05480188109431,6.61793916207779,6.23336513629491,6.17168619902172,10231.2,10231.2,10231.2,10336.3307692308,10,10,10,9.61538461538462,0,0,0,5.38461538461538,0,0,0,0,175,175,175,154.615384615385,250,250,250,189.615384615385,35,35,35,73.0769230769231,0,0,0,1197.39326963698,0,0,0,11.9576931445562,0,0,0,24.3311741020137,0,0,0,0,0,0,0,35.6706909106797,0,0,0,92.0562815583976,0,0,0,70.8779249225547
"26","107",6,45.4659106140079,-73.6448404702391,2,5.81710507473668,6.16931954606705,6.26867711593007,6.78291895877747,5.9330400576951,6.18679039500769,5.90976613913939,6.14757098461714,10231.2,10702.65,10564.7846153846,11267.6711538462,10,5,5.76923076923077,6.05769230769231,0,7.5,5.76923076923077,6.44230769230769,0,0,0,0,175,115,126.153846153846,120,250,115,136.923076923077,145.576923076923,35,43.75,40.3846153846154,49.0384615384615,0,1028.13723305792,865.526866371146,2446.59619209848,0,4.08248290463863,4.00320384512718,5.63049630918828,0,8.66025403784439,7.5955452531275,11.9367835874356,0,0,0,0,0,40.6201920231798,40.628081737156,45.900574561742,0,99.498743710662,99.6146421118749,92.7819172193371,0,33.5099487714718,28.0224269158902,46.642554641326
"27","107",6,45.4643080638903,-73.6480052324956,2,8.37084742035667,9.5432873005067,9.37344402342723,8.23057420340423,5.75653900779813,6.90407897286345,7.04613382707872,6.98435061163731,8814.8,8814.8,8814.8,8698.75,25,25,25,30.4807692307692,55,55,55,47.3076923076923,0,0,0,0,60,60,60,62.4038461538462,85,85,85,86.25,90,90,90,83.8461538461539,0,0,0,1442.77011030048,0,0,0,20.8463006400914,0,0,0,15.856635230863,0,0,0,0,0,0,0,18.0817963008674,0,0,0,10.9309329024401,0,0,0,52.5489070483475
"28","107",6,45.4652026663659,-73.6427022410506,2,8.87565906115501,6.89145791935135,6.91665384851757,7.25948615908277,8.37132333967068,7.39700225812943,6.3102823230415,6.02575140782045,10231.2,10231.2,10231.2,10152.8,10,10,10,12.6041666666667,0,0,0,7.8125,0,0,0,0,175,175,175,159.791666666667,250,250,250,223.541666666667,35,35,35,39.375,0,0,0,2047.97544148756,0,0,0,13.9524108849885,0,0,0,30.5778784243801,0,0,0,0,0,0,0,40.6065492743675,0,0,0,72.946776964466,0,0,0,35.3797784532953
"29","107",6,45.4644195387158,-73.6422254200444,2,9.0354308440784,7.58478577300055,7.42661662408376,6.79585205991092,4.91249078649565,5.40237915184041,6.12657575535953,6.02981372136333,10231.2,10231.2,9855.4,9356.928,10,10,13.9285714285714,19.4,0,0,8.92857142857143,25,0,0,0,0,175,175,164.642857142857,138,250,250,234.285714285714,174,35,35,32.5,54.4,0,0,1406.11484594965,2251.90335920527,0,0,14.6993683051833,23.3133053015147,0,0,33.407655239053,50.5076272276105,0,0,0,0,0,0,38.7528800773015,57.4633867460536,0,0,58.7974732207334,102.539191113865,0,0,9.35414346693485,65.6571179907947
"30","107",6,45.4656179601537,-73.6426585286573,2,7.0710031362658,6.3644738887366,7.27299164061462,7.27097760601246,5.71248120916295,5.79822332971775,6.56822672625665,6.09250310100632,10231.2,10231.2,10231.2,11929.376,10,10,10,8.9,0,0,0,2.5,0,0,0,0,175,175,175,146.7,250,250,250,239,35,35,35,35.4,0,0,0,4111.10531909831,0,0,0,9.10763304002949,0,0,0,17.6776695296637,0,0,0,0,0,0,0,52.036192271557,0,0,0,59.3931900171069,0,0,0,12.8507920823137
"31","107",6,45.4652646795693,-73.6436632816515,2,7.59174818613653,6.83165887907409,6.91352527432075,7.04684373293377,7.34153389911339,6.0172982744297,6.31698498342608,6.2050897809255,10231.2,10231.2,10231.2,10798.7235294118,10,10,10,7.64705882352941,0,0,0,3.13725490196078,0,0,0,0,175,175,175,147.058823529412,250,250,250,191.274509803922,35,35,35,54.7058823529412,0,0,0,1843.1658635715,0,0,0,4.72788971703767,0,0,0,9.05321955514863,0,0,0,0,0,0,0,40.9167016093458,0,0,0,88.3902887044436,0,0,0,51.6179403376954
"32","108",6,45.4603240999395,-73.6434519631668,2,5.75042374576272,6.49387513960623,5.6901164289961,4.67776569180077,5.54744633284218,5.58287799179754,5.30263563601719,5.64364342100648,2289.3,2289.3,2753.30769230769,3617.07884615385,30,30,31.1538461538462,35.0961538461538,95,95,88.0769230769231,86.1538461538462,0,0,0,0,15,15,36.9230769230769,50.4807692307692,35,35,47.6923076923077,51.8269230769231,0,0,0,7.6923076923077,0,0,881.750279710322,1916.24094849291,0,0,2.19264504826757,13.5939138853005,0,0,13.1558702896054,26.0770988216914,0,0,0,0,0,0,41.6602559170839,45.3122025657269,0,0,24.1190955309433,25.9340953216192,0,0,0,38.8367818690308
"33","108",6,45.4600975044158,-73.640349350711,2,5.561665725141,6.20532696314462,5.88177823381961,6.45246230898598,5.38995476988892,5.65979034711002,5.73516226177485,6.08195171319742,2289.3,2289.3,3652.73333333333,4088.31886792453,30,30,38.3333333333333,41.6981132075472,95,95,98.3333333333333,100.283018867925,0,0,0,0,15,15,15,15.5660377358491,35,35,52.5,56.6037735849057,0,0,0,0,0,0,2185.96139753545,2212.83420535891,0,0,13.7068883368468,14.641333621556,0,0,13.0267789455786,14.7548914425152,0,0,0,0,0,0,9.04534033733291,10.1744579027058,0,0,43.2487519525656,45.7183432394825,0,0,0,0
"34","108",6,45.4625286196598,-73.6439031592121,2,5.41510874519023,5.52141723127191,4.62094292342515,4.51381740447732,4.89576897219728,5.02354567234893,4.76524930007719,5.28891590224682,11343.5,11343.5,10756.5416666667,8727.37115384616,0,0,2.91666666666667,18.2692307692308,0,0,5.41666666666667,33.5576923076923,0,0,0,0,125,125,123.75,110.192307692308,50,50,53.3333333333333,73.5576923076923,200,200,183.333333333333,111.057692307692,0,0,2033.28331051856,3293.93610223729,0,0,10.1036297108184,24.2916231705382,0,0,18.7638837486628,48.0434498857345,0,0,0,0,0,0,4.33012701892219,41.4558770693583,0,0,11.5470053837925,61.1277715074915,0,0,57.7350269189626,97.4947788368817
"35","108",6,45.4629575507481,-73.6453407952497,2,5.73686813698178,2.9167165903296,4.46153047805412,5.26005636590626,3.73760228325402,3.75875444540364,6.00582440591408,6.52209236366743,11343.5,11343.5,10756.5416666667,9259.91176470588,0,0,2.91666666666667,14.6078431372549,0,0,5.41666666666667,24.4117647058824,0,0,0,0,125,125,123.75,110.588235294118,50,50,53.3333333333333,77.5490196078431,200,200,183.333333333333,124.607843137255,0,0,2033.28331051856,2768.84391345175,0,0,10.1036297108184,18.489000439583,0,0,18.7638837486628,29.6925421414794,0,0,0,0,0,0,4.33012701892219,31.1230952641849,0,0,11.5470053837925,47.4064610471991,0,0,57.7350269189626,85.4976206525942
"36","108",6,45.4625635812382,-73.6401264678554,2,9.04410625100097,7.78136383917852,7.36047383234041,7.29888527523554,6.15129381457061,6.08572111562764,6.61907813630674,6.4337418020467,4970,4970,4970,5815.54509803922,65,65,65,57.3529411764706,125,125,125,106.372549019608,0,0,0,0,30,30,30,34.1176470588235,30,30,30,58.235294117647,0,0,0,9.2156862745098,0,0,0,1736.12319923601,0,0,0,16.8627678978414,0,0,0,37.1763154625704,0,0,0,0,0,0,0,36.69749149946,0,0,0,56.6729523618786,0,0,0,39.5268585776761
"37","108",6,45.4634004105743,-73.640601642668,2,2.13911046170123,5.37974865911194,6.73312117613701,7.41509294014125,4.42743536691005,7.44257407397992,6.77304049858348,6.41357632941361,4970,4970,5345.8,6434.54444444445,65,65,61.0714285714286,49.8148148148148,125,125,116.071428571429,91.2962962962963,0,0,0,0,30,30,40.3571428571429,63.3333333333333,30,30,45.7142857142857,73.8888888888889,0,0,2.5,21.2962962962963,0,0,1406.11484594965,2474.10515385402,0,0,14.6993683051833,25.6235991418834,0,0,33.407655239053,55.3393065907795,0,0,0,0,0,0,38.7528800773015,59.4392031232295,0,0,58.7974732207334,85.7468117382241,0,0,9.35414346693485,52.800668102416
"38","108",6,45.4627801193943,-73.6401803812052,2,7.82941861909026,7.44226750552329,6.78770522555813,7.34869097155581,6.05787238572481,5.79360646071189,6.48816939727305,6.46820734714762,4970,4970,4970,5877.84117647059,65,65,65,56.1764705882353,125,125,125,103.823529411765,0,0,0,0,30,30,30,40.5882352941177,30,30,30,56.1764705882353,0,0,0,13.8235294117647,0,0,0,1947.27279230995,0,0,0,19.6364007723951,0,0,0,42.5157410295777,0,0,0,0,0,0,0,42.3868736618252,0,0,0,59.233337195317,0,0,0,47.734560177026
"39","108",6,45.4630342690351,-73.6384656103451,2,6.09520177051621,6.77017335574184,7.06435276011648,7.89864730294651,6.12840301954735,5.6932464125833,6.04090480385144,6.63840471414682,5949.4,5296.46666666667,5422.03076923077,5826.30980392157,55,61.6666666666667,60.3846153846154,56.4705882352941,55,101.666666666667,92.6923076923077,96.9607843137255,0,0,0,0,0,20,16.1538461538462,20.0980392156863,120,60,71.5384615384615,69.4117647058824,0,0,0,0,0,565.456853644319,508.185706516517,2054.26075095202,0,5.77350269189626,5.18874521662771,11.2824694835421,0,40.4145188432738,36.321216516394,31.9543178830741,0,0,0,0,0,17.3205080756888,15.5662356498831,15.7635718058577,0,51.9615242270663,46.6987069496494,48.089989174708,0,0,0,0
"40","108",6,45.4630703130925,-73.6383306448865,2,6.09712195461101,6.66402670006264,7.25028646319646,7.85948395761139,5.20167185373423,5.56414840688757,6.0871180256151,6.57120285734564,5949.4,5296.46666666667,5459.7,5837.92884615385,55,61.6666666666667,60,55.9615384615385,55,101.666666666667,90,95.4807692307692,0,0,0,0,0,20,15,19.9038461538461,120,60,75,70.7692307692308,0,0,0,0,0,565.456853644319,511.474968729031,2031.20271840829,0,5.77350269189626,5.22232967867093,11.3344201413071,0,40.4145188432738,36.5563077506965,31.9199306996001,0,0,0,0,0,17.3205080756888,15.6669890360128,16.0419298816822,0,51.9615242270663,47.0009671080384,47.8804128705213,0,0,0,0
"41","108",6,45.4631383995658,-73.6362230027477,2,5.74353099305652,7.28005995770787,8.57932728862824,7.9170205900954,5.00012566724892,6.29909521311645,6.63828018235397,6.28570563802631,5451.1,5451.1,5617.2,5904.1,40,40,45,48.3962264150943,90,90,78.3333333333333,74.7169811320755,0,0,0,0,40,40,26.6666666666667,19.7169811320755,50,50,73.3333333333333,83.8679245283019,0,0,0,0,0,0,245.345959820006,1849.41365396213,0,0,7.38548945875996,10.084908036348,0,0,17.2328087371066,23.5219842818868,0,0,0,0,0,0,19.6946385566932,19.523533490174,0,0,34.4656174742132,38.9605509240037,0,0,0,0
"42","108",6,45.4607021831025,-73.6357579540537,2,3.69242807712025,6.1054921321704,6.53467981632964,7.15849437326014,5.36937382291009,5.89909669064248,5.44650589547092,5.82763068927842,7789.2,7789.2,7278.43846153846,6317.17115384615,45,45,36.1538461538462,31.4423076923077,85,85,63.0769230769231,44.8076923076923,0,0,0,0,0,0,19.2307692307692,31.9230769230769,145,145,132.692307692308,123.076923076923,0,0,0,0,0,0,2557.54583586768,2782.27708627984,0,0,18.9466186686268,22.88797394775,0,0,36.8859990115074,37.6251055429637,0,0,0,0,0,0,36.8468764984538,41.2091014855805,0,0,20.1675672610945,18.7384957165579,0,0,0,0
"43","108",6,45.4595323111957,-73.6369072268728,2,2.43043332028006,4.87575941712281,6.38482159883687,6.09255809457287,5.42588771314513,7.15281303643887,6.54970059084335,5.98277923733244,2753.6,5271.4,5232.70833333333,4583.74339622641,5,25,27.0833333333333,23.8679245283019,0,42.5,50.4166666666667,46.4150943396226,0,0,0,0,90,45,38.75,44.7169811320755,105,125,119.166666666667,109.528301886792,0,0,0,0,0,3560.70690734298,2673.22483340333,2524.3065537893,0,28.2842712474619,19.9383519576689,18.6733435428987,0,60.1040764008565,44.5920056702653,44.4017645016087,0,0,0,0,0,63.6396103067893,45.4335178635173,43.4831432230621,0,28.2842712474619,33.1548250522066,36.7196257384066,0,0,0,0
"44","108",6,45.4627246852728,-73.6392592589865,2,3.02580719375316,5.88903446281319,7.30802764651918,7.72500686882798,3.23673486582963,5.73056863390674,6.48014787199381,6.54783173582376,4970,4970,5196.01538461538,5565.94038461538,65,65,62.6923076923077,59.7115384615385,125,125,108.846153846154,104.134615384615,0,0,0,0,30,30,23.0769230769231,19.8076923076923,30,30,50.7692307692308,64.9038461538461,0,0,0,0,0,0,429.495312054652,969.643240085232,0,0,4.38529009653515,7.75946364242398,0,0,30.697030675746,29.2675480099689,0,0,0,0,0,0,13.1558702896054,14.6180635791965,0,0,39.4676108688163,48.2486450547881,0,0,0,0
"45","108",6,45.463646405851,-73.6379279175558,2,6.76365591935315,6.98141822482326,7.63857209891164,8.03572671742201,6.3229126108653,5.92191095742296,6.29685691002601,6.54248456611788,4970,5335.125,5335.125,7046.16274509804,65,56.25,56.25,49.6078431372549,125,98.75,98.75,87.4509803921569,0,0,0,0,30,25,25,22.3529411764706,30,57.5,57.5,72.4509803921569,0,0,0,2.25490196078432,0,468.122671778812,423.432888586094,4457.79063667018,0,11.8145390656315,10.6866526777352,18.2713748047294,0,33.5099487714718,30.3108891324554,38.3454371342877,0,0,0,0,0,17.3205080756888,15.6669890360128,15.9797666183355,0,42.7200187265877,38.6417108599221,51.4526243161572,0,0,0,16.1032209663221
"46","108",6,45.463439655606,-73.6317665524714,2,5.33712492278444,5.50287066451783,6.57211438697069,7.0902963598705,4.24852307329919,4.41907046160456,5.90606098110686,8.86430980811509,16354.3,16354.3,16354.3,13443.4923076923,10,10,10,15.8653846153846,10,10,10,25.1923076923077,25,25,25,14.3269230769231,70,70,70,48.2692307692308,275,275,275,203.365384615385,105,105,105,129.615384615385,0,0,0,6065.65259977161,0,0,0,17.0558814491082,0,0,0,26.8978011066715,0,0,0,11.8416366678918,0,0,0,29.669496704373,0,0,0,84.5328637441696,0,0,0,175.900612963758
"47","108",6,45.4636097719989,-73.6365453455194,2,14.9255315302822,9.58658101619204,7.80290040362087,8.20237967981997,7.07888955120762,7.08443682472771,6.36152099602043,6.34320427859557,5451.1,5451.1,5534.15,6302.614,40,40,42.5,46.6,90,90,84.1666666666667,82.7,0,0,0,0,40,40,33.3333333333333,25.7,50,50,61.6666666666667,72.1,0,0,0,0,0,0,193.963011937843,3238.34453260317,0,0,5.83874208121142,13.6067210283322,0,0,13.6237315228267,28.9829295289768,0,0,0,0,0,0,15.5699788832305,17.583909620759,0,0,27.2474630456533,42.7986505604548,0,0,0,0
"48","108",6,45.4612382627446,-73.6332658349555,2,7.26095820801489,6.35122279463582,8.4751794230975,7.22140847448296,7.66821629493088,6.68828729417831,6.71238403676906,6.0689531534572,5039.3,5039.3,6011.08333333333,7338.29019607843,0,0,18.3333333333333,20.0980392156863,0,0,18.3333333333333,24.7058823529412,0,0,0,1.47058823529412,70,70,46.6666666666667,45.8823529411765,120,120,117.5,124.607843137255,0,0,0,6.17647058823529,0,0,2262.68575082129,3724.63775388989,0,0,27.0801280154532,24.8292206095647,0,0,27.0801280154532,32.4717071418471,0,0,0,5.94088525786004,0,0,34.4656174742132,34.8239268657764,0,0,8.66025403784439,41.687445799124,0,0,0,24.9517180830122
"49","108",6,45.4650822510946,-73.636991793102,2,7.37547843629766,9.8258527426192,9.25930533341893,7.9025169167809,5.79218552225848,6.56592102732308,6.82424038424455,6.2734651956831,18927,16139.9,11171.2538461538,8953.75192307692,10,13.3333333333333,24.6153846153846,32.7884615384615,15,30,57.6923076923077,73.1730769230769,0,0,0,0,5,3.33333333333333,16.9230769230769,21.1538461538462,175,148.333333333333,102.307692307692,81.25,0,38.3333333333333,35.3846153846154,33.1730769230769,0,4827.39880577522,5814.30689171337,4868.58159545107,0,5.77350269189626,13.3012434352235,16.844544748458,0,25.9807621135332,32.3145597096846,32.0390210333943,0,0,0,0,0,2.88675134594813,19.0982614324862,18.5402419928203,0,46.1880215351701,54.0299062485839,46.8401013880117,0,66.395280956807,55.2442130627551,52.6087002250247
"50","108",6,45.4618265894032,-73.6322079774203,2,5.68085949940636,8.0628325792723,7.48284215747636,7.02768249593514,5.77756716543916,6.4824193466213,6.37500025566388,6.30461555811247,5039.3,5646.03333333333,6851.33333333333,8835.42830188679,0,36.6666666666667,19.6666666666667,14.7169811320755,0,36.6666666666667,19.6666666666667,14.7169811320755,0,0,3.33333333333333,5.66037735849057,70,23.3333333333333,46.6666666666667,53.3962264150943,120,120,140.666666666667,153.207547169811,0,0,14,23.7735849056604,0,525.446479989478,3881.71434911113,4963.00366033039,0,31.7542648054294,26.0813744890505,22.3696027942544,0,31.7542648054294,26.0813744890505,22.3696027942544,0,0,8.79664438186246,10.5628947740999,0,40.4145188432738,34.1565025531987,29.282667243112,0,0,54.5391951675472,66.802625032072,0,0,36.9459064038223,44.3641580512199
"51","108",6,45.4613211541438,-73.6316003929456,2,6.85822984490388,6.02361666247433,6.58001786261083,6.79901838899766,6.70454647454393,6.57492891726263,6.63940974718742,6.33062950453855,5039.3,5039.3,5104.30714285714,8380.95740740741,0,0,3.92857142857143,9.07407407407407,0,0,3.92857142857143,9.07407407407407,0,0,0,2.31481481481482,70,70,65,57.2222222222222,120,120,120,130.092592592593,0,0,0,25.1851851851852,0,0,243.234456264497,5452.25786446354,0,0,14.6993683051833,19.5485383827045,0,0,14.6993683051833,19.5485383827045,0,0,0,7.314560495893,0,0,18.7082869338697,26.0200696608836,0,0,0,47.8449810141668,0,0,0,116.40026487587
"52","108",6,45.4632565220743,-73.6368457827477,2,7.36776237900072,8.10913718571162,7.65188835413019,8.03350000591511,6.19092833027129,6.73149949606325,6.41687231097617,6.35832838306184,5451.1,5700.25,5700.25,6106.94901960784,40,47.5,47.5,49.1176470588235,90,72.5,72.5,81.4705882352941,0,0,0,0,40,20,20,21.764705882353,50,85,85,77.5490196078431,0,0,0,0,0,352.351309065256,260.228687888172,2658.99779085072,0,10.6066017177982,7.8334945180064,12.5581002684698,0,24.7487373415292,18.2781538753483,28.9360349330564,0,0,0,0,0,28.2842712474619,20.8893187146837,18.3799763169533,0,49.4974746830583,36.5563077506965,43.3055718010929,0,0,0,0
"53","108",6,45.4639656070252,-73.6355409351378,2,8.00214227090222,7.15213902582181,8.58394151362572,7.6986824966706,4.62544914147648,5.83159906145619,6.53451072324012,6.29338883671842,5451.1,5451.1,5451.1,6835.71568627451,40,40,40,39.3137254901961,90,90,90,75.4901960784314,0,0,0,1.17647058823529,40,40,40,30.3921568627451,50,50,50,80.5882352941176,0,0,0,8.62745098039216,0,0,0,3778.76257620785,0,0,0,12.7679132141136,0,0,0,26.1200096087422,0,0,0,5.05848152058675,0,0,0,19.0221748823551,0,0,0,55.3773153811516,0,0,0,29.9011443154363
"54","108",6,45.4634741329922,-73.6362293612355,2,10.268966393525,8.42491822865719,8.53935799966258,7.93071732590527,8.0997470191812,6.97860535918065,6.52354236093891,6.32041835407788,5451.1,5451.1,5534.15,6373.61923076923,40,40,42.5,45.6730769230769,90,90,84.1666666666667,75.5769230769231,0,0,0,0,40,40,33.3333333333333,22.5961538461538,50,50,61.6666666666667,81.25,0,0,0,0,0,0,193.963011937843,3150.44054236792,0,0,5.83874208121142,12.36808218818,0,0,13.6237315228267,25.9080925761651,0,0,0,0,0,0,15.5699788832305,19.1610917198743,0,0,27.2474630456533,42.19324125785,0,0,0,0
"55","109",4,45.4089142659482,-73.9282581873654,2,8.32594978480592,8.63110828496743,8.75615942760973,8.05112826011951,7.48442560893673,8.25769854810448,7.41086756155711,7.46639034101552,1200.2,1200.2,1200.2,1130.25882352941,180,180,180,179.019607843137,0,0,0,0,0,0,0,0.784313725490196,0,0,0,0.490196078431373,0,0,0,0.784313725490196,0,0,0,0,0,0,0,203.320462498461,0,0,0,3.74427667823002,0,0,0,0,0,0,0,5.60112033611204,0,0,0,1.50163309792516,0,0,0,5.60112033611204,0,0,0,0
"56","109",4,45.4129290738794,-73.932443471034,2,1.03338753053624,2.74057911533528,2.79801313993124,3.61938989600312,1.96863883927721,4.95895582852232,5.0166734075167,5.14682619828881,201.7,173.9,169.623076923077,164.811538461538,155,221.666666666667,231.923076923077,243.461538461538,0,6.66666666666667,7.69230769230769,8.84615384615385,40,31.6666666666667,30.3846153846154,28.9423076923077,0,0,0,0,40,28.3333333333333,26.5384615384615,24.5192307692308,0,0,0,0,0,48.1510124504148,42.2312316073889,41.8256026940913,0,115.470053837925,101.273936708367,100.301205501418,0,11.5470053837925,10.1273936708367,10.0301205501418,0,14.4337567297406,12.6592420885458,12.5376506876773,0,0,0,0,0,20.2072594216369,17.7229389239642,17.5527109627482,0,0,0,0
"57","109",4,45.4123254419373,-73.9296315838078,2,8.58559668015461,7.72440022315132,6.33440695359931,6.9986367965705,6.86550813649179,6.07885591689955,6.02295115025585,6.91832534737116,201.7,201.7,451.325,534.533333333333,155,155,161.25,163.333333333333,0,0,0,0,40,40,30,26.6666666666667,0,0,0,0,40,40,30,26.6666666666667,0,0,0,0,0,0,451.588616341345,475.381085726669,0,0,11.3066754216661,11.9023807142381,0,0,0,0,0,0,18.0906806746658,19.0438091427809,0,0,0,0,0,0,18.0906806746658,19.0438091427809,0,0,0,0
"58","109",4,45.4143467502153,-73.9324994495517,2,2.82974542862528,4.61278699124044,3.59863063031362,2.92228356406518,2.2407305122887,4.25706521897928,3.69975911394805,3.68868229627864,201.7,160,163.207692307692,162.452941176471,155,255,247.307692307692,249.117647058824,0,10,9.23076923076923,9.41176470588235,40,27.5,28.4615384615385,28.2352941176471,0,0,0,0,40,22.5,23.8461538461538,23.5294117647059,0,0,0,0,0,48.1510124504148,43.2741351066751,42.042009242857,0,115.470053837925,103.774904332554,100.820166050017,0,11.5470053837925,10.3774904332554,10.0820166050017,0,14.4337567297406,12.9718630415693,12.6025207562521,0,0,0,0,0,20.2072594216369,18.160608258197,17.6435290587529,0,0,0,0
"59","109",4,45.4113095293201,-73.9281328760148,2,11.5815594621634,8.61798378210312,7.77279889746774,8.15638276237115,8.06695716706769,7.38072527996941,6.8888070850177,7.32423883280876,1200.2,1200.2,1200.2,969.776923076923,180,180,180,174.230769230769,0,0,0,0,0,0,0,9.23076923076923,0,0,0,0,0,0,0,9.23076923076923,0,0,0,0,0,0,0,424.7974763668,0,0,0,10.6358907452879,0,0,0,0,0,0,0,17.0174251924607,0,0,0,0,0,0,0,17.0174251924607,0,0,0,0
"60","109",4,45.4121513909248,-73.9284054438908,2,11.5108602022688,8.18021120066313,7.93321487131978,8.3633196609121,8.3161447148954,7.11063125583823,7.40456840578314,7.19356978807909,1200.2,1200.2,1012.98125,830.385185185185,180,180,175.3125,170.740740740741,0,0,0,0,0,0,7.5,14.8148148148148,0,0,0,0,0,0,7.5,14.8148148148148,0,0,0,0,0,0,402.508218083805,486.707132661858,0,0,10.0778221853732,12.1859572524251,0,0,0,0,0,0,16.1245154965971,19.4975316038801,0,0,0,0,0,0,16.1245154965971,19.4975316038801,0,0,0,0
"61","109",4,45.4135959059223,-73.9296261435396,2,11.0059284414044,10.5865896058913,7.46690060584681,6.03930555929568,4.66463942214099,7.40787610185049,6.89753404105434,6.608604484009,201.7,201.7,273.021428571429,421.37,155,155,156.785714285714,160.5,0,0,0,0,40,40,37.1428571428571,31.2,0,0,0,0,40,40,37.1428571428571,31.2,0,0,0,0,0,0,266.860350049556,417.824279660086,0,0,6.68153104781061,10.461298939912,0,0,0,0,0,0,10.690449676497,16.7380783038592,0,0,0,0,0,0,10.690449676497,16.7380783038592,0,0,0,0
"62","109",4,45.4121501528694,-73.92578425555,2,8.20544652856082,9.0616828102582,9.21313663774672,7.85595668980513,6.80722410943229,7.36713806076989,7.91235327039838,7.50897095404351,1200.2,1200.2,1200.2,1203.07307692308,180,180,180,179.807692307692,0,0,0,0.192307692307692,0,0,0,0,0,0,0,0,0,0,0,0,0,0,0,0,0,0,0,14.505538028083,0,0,0,0.970919546725773,0,0,0,0.970919546725771,0,0,0,0,0,0,0,0,0,0,0,0,0,0,0,0
"63","109",4,45.4127605446831,-73.9294834566771,2,7.91712514781418,7.45358889573581,8.56006754229121,6.85646895840138,5.78397617902608,5.78578668838356,6.88611893197611,6.85489995739833,201.7,201.7,451.325,528.132692307692,155,155,161.25,163.173076923077,0,0,0,0,40,40,30,26.9230769230769,0,0,0,0,40,40,30,26.9230769230769,0,0,0,0,0,0,451.588616341345,472.954968515597,0,0,11.3066754216661,11.8416366678918,0,0,0,0,0,0,18.0906806746658,18.9466186686268,0,0,0,0,0,0,18.0906806746658,18.9466186686268,0,0,0,0
"64","109",4,45.4132760765007,-73.930315817285,2,9.83946847769525,9.26158813655215,6.93654262588727,5.57462114035452,6.87873195019604,7.22711852929519,6.80412171466226,6.43537128266996,201.7,201.7,201.7,338.749019607843,155,155,155,158.43137254902,0,0,0,0,40,40,40,34.5098039215686,0,0,0,0,40,40,40,34.5098039215686,0,0,0,0,0,0,0,347.019066549692,0,0,0,8.68850942788413,0,0,0,0,0,0,0,13.9016150846146,0,0,0,0,0,0,0,13.9016150846146,0,0,0,0
"65","109",4,45.4145228865713,-73.9257970957579,2,9.68971420816947,8.73891537678326,6.67735125980341,6.13049643180577,9.21894045244228,7.702531435159,6.38259255393636,6.53332405810758,201.7,867.366666666667,662.546153846154,671.165384615384,155,171.666666666667,166.538461538462,165.961538461538,0,0,0,0.576923076923077,40,13.3333333333333,21.5384615384615,21.5384615384615,0,0,0,0,40,13.3333333333333,21.5384615384615,21.5384615384615,0,0,0,0,0,576.484243785841,518.096209880277,512.508384966172,0,14.4337567297406,12.9718630415693,12.0472298312241,0,0,0,1.61301269516118,0,23.094010767585,20.7549808665108,20.1352890283053,0,0,0,0,0,23.094010767585,20.7549808665108,20.1352890283053,0,0,0,0
"66","109",4,45.4091124332641,-73.9313505207944,2,13.3700200660841,10.6478384452305,8.27381790344262,8.00477669080264,5.93105556627083,7.68693349327427,7.277993820316,7.65579245460517,201.7,534.533333333333,508.930769230769,505.143137254902,155,163.333333333333,162.692307692308,186.372549019608,0,0,0,2.35294117647059,40,26.6666666666667,27.6923076923077,24.5098039215686,0,0,0,0,40,26.6666666666667,27.6923076923077,23.3333333333333,0,0,0,0,0,576.484243785841,479.663884723138,475.348393183316,0,14.4337567297406,12.0096115353815,63.2145428787755,0,0,0,6.50791373455968,0,23.094010767585,19.2153784566105,18.5001324849522,0,0,0,0,0,23.094010767585,19.2153784566105,19.3821223468088,0,0,0,0
"67","109",4,45.4075985604511,-73.9332854677571,2,5.68460862714103,7.00689737670815,6.3676720262182,6.72455939533323,5.8667831504849,6.73111284222163,6.61833231367426,6.95743146037624,201.7,160,160,201.604166666667,155,255,255,256.041666666667,0,10,10,10,40,27.5,27.5,25.8333333333333,0,0,0,0,40,22.5,22.5,20.8333333333333,0,0,0,0,0,48.1510124504148,43.5542295201156,214.423397975339,0,115.470053837925,104.446593573419,100.127356844433,0,11.5470053837925,10.4446593573419,10.1058230527982,0,14.4337567297406,13.0558241966773,13.5007223342345,0,0,0,0,0,20.2072594216369,18.2781538753483,17.844879274236,0,0,0,0
"68","109",4,45.4073892603949,-73.9354077891095,2,8.96360883182139,7.12485532203206,5.30022345369484,4.53574908583653,4.47347130528061,5.84612973616049,6.04712893730039,6.1574833741361,118.3,118.3,118.3,122.767857142857,355,355,355,344.285714285714,20,20,20,18.9285714285714,15,15,15,16.3392857142857,0,0,0,0,5,5,5,6.875,0,0,0,0,0,0,0,18.9491290962538,0,0,0,45.4415565857406,0,0,0,4.54415565857406,0,0,0,5.68019457321758,0,0,0,0,0,0,0,7.9522724025046,0,0,0,0
"69","109",4,45.4072604292,-73.9346124880768,2,4.96626900997257,6.02714329734227,6.89060602009928,5.81058021801341,4.04466561885357,5.22953848590143,6.55100072489508,6.85006092907089,118.3,118.3,118.3,135.942307692308,355,355,355,312.692307692308,20,20,20,15.7692307692308,15,15,15,20.2884615384615,0,0,0,0,5,5,5,12.4038461538462,0,0,0,0,0,0,0,34.3928021776208,0,0,0,82.476743831225,0,0,0,8.2476743831225,0,0,0,10.3095929789031,0,0,0,0,0,0,0,14.4334301704644,0,0,0,0
"70","109",4,45.408916290094,-73.934858510773,2,2.70165043158117,1.68713551890994,1.34336629011146,2.99839098432773,3.61128214572354,2.49647126245129,1.82630672368674,4.9698435357575,118.3,118.3,118.3,126.319230769231,355,355,355,335.769230769231,20,20,20,18.0769230769231,15,15,15,17.4038461538462,0,0,0,0,5,5,5,8.36538461538462,0,0,0,0,0,0,0,24.8263699024633,0,0,0,59.5356592385212,0,0,0,5.95356592385212,0,0,0,7.44195740481515,0,0,0,0,0,0,0,10.4187403667412,0,0,0,0
"71","111",2,45.4317938235983,-73.9385108757991,2,1.71827892567618,2.99180467762657,3.9889333616859,5.06089510161102,4.01315866118119,4.81363254342942,6.8259440268201,7.85392940853738,118.3,118.3,118.3,118.3,355,355,355,355,20,20,20,20,15,15,15,15,0,0,0,0,5,5,5,5,0,0,0,0,0,0,0,0,0,0,0,0,0,0,0,0,0,0,0,0,0,0,0,0,0,0,0,0,0,0,0,0
"72","111",2,45.4296756678739,-73.9385224580137,2,1.93442909870674,2.61610297504897,3.43006455382122,4.41598116332256,2.44829936430367,3.33793421569671,4.58088875618703,5.7750460486183,118.3,118.3,118.3,118.3,355,355,355,355,20,20,20,20,15,15,15,15,0,0,0,0,5,5,5,5,0,0,0,0,0,0,0,0,0,0,0,0,0,0,0,0,0,0,0,0,0,0,0,0,0,0,0,0,0,0,0,0
"73","111",2,45.4289196066576,-73.9393206506749,2,1.93118691116469,2.61169186834623,5.61920029788562,7.61090746747326,2.4635189476715,2.7937298728136,5.987400255997,7.18422665011395,118.3,118.3,118.3,118.3,355,355,355,355,20,20,20,20,15,15,15,15,0,0,0,0,5,5,5,5,0,0,0,0,0,0,0,0,0,0,0,0,0,0,0,0,0,0,0,0,0,0,0,0,0,0,0,0,0,0,0,0
"74","111",2,45.4322946550477,-73.9390459652771,2,4.87446811666323,4.79668818078266,6.51306728986277,7.40465199076688,5.12571110428393,5.4348310490066,8.68135706077028,9.48895716266863,118.3,118.3,118.3,118.3,355,355,355,355,20,20,20,20,15,15,15,15,0,0,0,0,5,5,5,5,0,0,0,0,0,0,0,0,0,0,0,0,0,0,0,0,0,0,0,0,0,0,0,0,0,0,0,0,0,0,0,0
"75","111",2,45.4298727286951,-73.9377820551639,2,10.2532038435644,5.3815062991771,2.84451408329146,2.61268117376742,4.81294942282774,5.9710541776573,4.7292147335214,4.24589157128253,118.3,118.3,118.3,118.3,355,355,355,355,20,20,20,20,15,15,15,15,0,0,0,0,5,5,5,5,0,0,0,0,0,0,0,0,0,0,0,0,0,0,0,0,0,0,0,0,0,0,0,0,0,0,0,0,0,0,0,0
"76","111",2,45.4303025901121,-73.9374774573992,2,0.27645431922761,1.96924392294312,1.77336246871455,2.46794574749016,1.10630355704832,4.30277515540513,4.00191264855821,4.48210489270366,118.3,118.3,118.3,118.3,355,355,355,355,20,20,20,20,15,15,15,15,0,0,0,0,5,5,5,5,0,0,0,0,0,0,0,0,0,0,0,0,0,0,0,0,0,0,0,0,0,0,0,0,0,0,0,0,0,0,0,0
"77","111",2,45.4306450798139,-73.9411525095563,2,11.1307689085703,13.2868103762281,13.237527242552,10.058120578214,7.43279640784023,7.18367635891417,8.68166585108336,9.95385491760396,118.3,118.3,118.3,118.3,355,355,355,355,20,20,20,20,15,15,15,15,0,0,0,0,5,5,5,5,0,0,0,0,0,0,0,0,0,0,0,0,0,0,0,0,0,0,0,0,0,0,0,0,0,0,0,0,0,0,0,0
"78","116",1,45.4323311145548,-73.9422916805178,2,24.6469040461671,24.5699866862016,23.5799176614327,20.0862148696176,3.18882531685386,3.72392603958156,5.03751394411399,8.0867514748546,118.3,118.3,118.3,118.3,355,355,355,355,20,20,20,20,15,15,15,15,0,0,0,0,5,5,5,5,0,0,0,0,0,0,0,0,0,0,0,0,0,0,0,0,0,0,0,0,0,0,0,0,0,0,0,0,0,0,0,0
"79","116",1,45.4289343887548,-73.9393450104358,2,1.90556569347327,2.66560236289075,5.67610608226705,7.6315670944324,2.42600909305633,2.76733678789312,6.01998276468765,7.19718170344073,118.3,118.3,118.3,118.3,355,355,355,355,20,20,20,20,15,15,15,15,0,0,0,0,5,5,5,5,0,0,0,0,0,0,0,0,0,0,0,0,0,0,0,0,0,0,0,0,0,0,0,0,0,0,0,0,0,0,0,0
"80","116",1,45.4309139797857,-73.9378934605851,2,0.473615526727484,1.01872546635786,1.99210602256431,2.98946730553061,1.46800031724417,2.23186836599475,4.41396311623922,5.39687071359227,118.3,118.3,118.3,118.3,355,355,355,355,20,20,20,20,15,15,15,15,0,0,0,0,5,5,5,5,0,0,0,0,0,0,0,0,0,0,0,0,0,0,0,0,0,0,0,0,0,0,0,0,0,0,0,0,0,0,0,0
"81","116",1,45.4302169796183,-73.940472410805,2,6.70752910200089,5.61783314067232,8.3909064679941,8.46490844710633,3.96508043034184,3.96281361841181,7.20644290520419,8.97694186747621,118.3,118.3,118.3,118.3,355,355,355,355,20,20,20,20,15,15,15,15,0,0,0,0,5,5,5,5,0,0,0,0,0,0,0,0,0,0,0,0,0,0,0,0,0,0,0,0,0,0,0,0,0,0,0,0,0,0,0,0
"82","116",1,45.4294557595975,-73.9381256142839,2,0.884596859678925,3.66043519724928,4.18348109217297,3.98584267953397,1.84939240775232,5.02236969310096,5.00468884250091,5.50382545726377,118.3,118.3,118.3,118.3,355,355,355,355,20,20,20,20,15,15,15,15,0,0,0,0,5,5,5,5,0,0,0,0,0,0,0,0,0,0,0,0,0,0,0,0,0,0,0,0,0,0,0,0,0,0,0,0,0,0,0,0
"83","118",1,45.4298039516216,-73.937840633548,2,8.96856540487157,5.47553631487704,3.04058956403871,2.67167087550667,5.66074606362233,6.0639393339526,4.79208662168252,4.25792363101255,118.3,118.3,118.3,118.3,355,355,355,355,20,20,20,20,15,15,15,15,0,0,0,0,5,5,5,5,0,0,0,0,0,0,0,0,0,0,0,0,0,0,0,0,0,0,0,0,0,0,0,0,0,0,0,0,0,0,0,0
"84","118",1,45.4300878447712,-73.9349245398282,2,3.79805391052212,2.63660725821493,1.38407515107431,0.953961704576611,4.7201382379283,4.18047572561617,3.32926190412378,2.97340928451157,118.3,118.3,118.3,118.3,355,355,355,355,20,20,20,20,15,15,15,15,0,0,0,0,5,5,5,5,0,0,0,0,0,0,0,0,0,0,0,0,0,0,0,0,0,0,0,0,0,0,0,0,0,0,0,0,0,0,0,0
"85","118",1,45.431986020186,-73.9335105071292,2,0.0720264014403425,0.0592299761534864,0.0622371807343577,0.452995468043463,0.0350885457491032,0.0316940243314047,0.0382582932777082,2.48680027100367,118.3,118.3,118.3,118.3,355,355,355,355,20,20,20,20,15,15,15,15,0,0,0,0,5,5,5,5,0,0,0,0,0,0,0,0,0,0,0,0,0,0,0,0,0,0,0,0,0,0,0,0,0,0,0,0,0,0,0,0
"86","118",1,45.4300637140093,-73.9356672382297,2,0.150885778143547,1.92608496098033,1.25969056121435,1.73937096328534,0.586779182898188,3.76578119061804,3.15585931975936,4.00715528202336,118.3,118.3,118.3,118.3,355,355,355,355,20,20,20,20,15,15,15,15,0,0,0,0,5,5,5,5,0,0,0,0,0,0,0,0,0,0,0,0,0,0,0,0,0,0,0,0,0,0,0,0,0,0,0,0,0,0,0,0
"87","118",1,45.4294154584825,-73.9357588445785,2,0.0407637112495127,0.045136900930576,1.4615838078495,2.80235468577826,0.0173756391263367,0.0205984580013131,3.55546235113212,5.13183990101419,118.3,118.3,118.3,118.3,355,355,355,355,20,20,20,20,15,15,15,15,0,0,0,0,5,5,5,5,0,0,0,0,0,0,0,0,0,0,0,0,0,0,0,0,0,0,0,0,0,0,0,0,0,0,0,0,0,0,0,0
"88","118",1,45.4306499719178,-73.9361552880717,2,0.045972513327045,0.919702032549226,1.15187217936357,1.35043658239244,0.0202057701099612,2.6856535364585,3.01410169791254,3.46836403890807,118.3,118.3,118.3,118.3,355,355,355,355,20,20,20,20,15,15,15,15,0,0,0,0,5,5,5,5,0,0,0,0,0,0,0,0,0,0,0,0,0,0,0,0,0,0,0,0,0,0,0,0,0,0,0,0,0,0,0,0
"89","118",1,45.4282339388051,-73.937288999731,2,6.78012193480825,8.06906051121085,7.42568217935001,5.6737865888484,4.91592157047044,5.76151564715922,6.21386925832844,6.53462230250718,118.3,118.3,118.3,118.3,355,355,355,355,20,20,20,20,15,15,15,15,0,0,0,0,5,5,5,5,0,0,0,0,0,0,0,0,0,0,0,0,0,0,0,0,0,0,0,0,0,0,0,0,0,0,0,0,0,0,0,0
"90","118",1,45.4315742741029,-73.9401885093299,2,14.5573798752219,14.3359996443567,14.7026604686074,11.7688252697317,8.6973692572818,9.17419874859925,9.31561631114891,10.2933342164524,118.3,118.3,118.3,118.3,355,355,355,355,20,20,20,20,15,15,15,15,0,0,0,0,5,5,5,5,0,0,0,0,0,0,0,0,0,0,0,0,0,0,0,0,0,0,0,0,0,0,0,0,0,0,0,0,0,0,0,0
"91","118",1,45.4304912396864,-73.9361820443373,2,0.0464173256289261,0.378342858977597,1.06130760731155,1.43494088434444,0.0194786495886041,1.62928146254241,2.84550786595203,3.54856473649893,118.3,118.3,118.3,118.3,355,355,355,355,20,20,20,20,15,15,15,15,0,0,0,0,5,5,5,5,0,0,0,0,0,0,0,0,0,0,0,0,0,0,0,0,0,0,0,0,0,0,0,0,0,0,0,0,0,0,0,0
"92","118",1,45.4311292897502,-73.940845532325,2,22.5695512162382,19.6110973630214,16.1793418799321,12.1204489090826,3.70401312767268,5.36320654677258,9.19131119756391,10.077684142414,118.3,118.3,118.3,118.3,355,355,355,355,20,20,20,20,15,15,15,15,0,0,0,0,5,5,5,5,0,0,0,0,0,0,0,0,0,0,0,0,0,0,0,0,0,0,0,0,0,0,0,0,0,0,0,0,0,0,0,0
"93","118",1,45.4325056915083,-73.9381944522089,2,0.028862416047987,0.0346320288036195,1.19500856883331,3.78920312938976,0.0123723266591013,0.0197439152430075,3.40272093961973,6.85417416504604,118.3,118.3,118.3,118.3,355,355,355,355,20,20,20,20,15,15,15,15,0,0,0,0,5,5,5,5,0,0,0,0,0,0,0,0,0,0,0,0,0,0,0,0,0,0,0,0,0,0,0,0,0,0,0,0,0,0,0,0
"94","118",1,45.4298927102606,-73.9381293204547,2,5.16571274154575,4.51119808203349,3.10203902378078,3.00764703762456,5.64373648927472,5.43069733975029,4.67066023669476,4.68031502230352,118.3,118.3,118.3,118.3,355,355,355,355,20,20,20,20,15,15,15,15,0,0,0,0,5,5,5,5,0,0,0,0,0,0,0,0,0,0,0,0,0,0,0,0,0,0,0,0,0,0,0,0,0,0,0,0,0,0,0,0
"95","118",1,45.4297743779213,-73.9394407846932,2,2.99816279520514,3.08905783786195,3.13867946384484,6.41309945492192,2.88414958982049,3.33264502914758,4.0803432749241,7.01197755943448,118.3,118.3,118.3,118.3,355,355,355,355,20,20,20,20,15,15,15,15,0,0,0,0,5,5,5,5,0,0,0,0,0,0,0,0,0,0,0,0,0,0,0,0,0,0,0,0,0,0,0,0,0,0,0,0,0,0,0,0
"96","118",1,45.4307114826376,-73.9415950753939,2,17.2607012168368,15.7418451429371,12.959017382417,10.2769224133509,4.97100910640098,7.97708454998545,9.61042323476111,10.1110695517942,118.3,118.3,118.3,118.3,355,355,355,355,20,20,20,20,15,15,15,15,0,0,0,0,5,5,5,5,0,0,0,0,0,0,0,0,0,0,0,0,0,0,0,0,0,0,0,0,0,0,0,0,0,0,0,0,0,0,0,0
"97","118",1,45.429860476904,-73.9374893118737,2,5.74461675493908,4.90414730101704,2.5451104106737,2.59129547948881,6.14866319122826,6.13827816254697,4.66072257015955,4.27914536908468,118.3,118.3,118.3,118.3,355,355,355,355,20,20,20,20,15,15,15,15,0,0,0,0,5,5,5,5,0,0,0,0,0,0,0,0,0,0,0,0,0,0,0,0,0,0,0,0,0,0,0,0,0,0,0,0,0,0,0,0
"98","118",1,45.4317223093195,-73.9399621133686,2,17.2153642023174,12.2222200745991,13.6955452514332,11.2270418183989,10.9722493011015,9.22778010717694,9.05790046976322,10.433121399422,118.3,118.3,118.3,118.3,355,355,355,355,20,20,20,20,15,15,15,15,0,0,0,0,5,5,5,5,0,0,0,0,0,0,0,0,0,0,0,0,0,0,0,0,0,0,0,0,0,0,0,0,0,0,0,0,0,0,0,0
"99","118",1,45.4310180475854,-73.9384158359623,2,5.64638624862063,4.36218111713456,3.01966029813905,4.20378420950512,4.50081973887432,5.94798487748744,5.74214733268653,6.63611936890351,118.3,118.3,118.3,118.3,355,355,355,355,20,20,20,20,15,15,15,15,0,0,0,0,5,5,5,5,0,0,0,0,0,0,0,0,0,0,0,0,0,0,0,0,0,0,0,0,0,0,0,0,0,0,0,0,0,0,0,0
"100","118",1,45.429616579908,-73.9384418279342,2,1.77967456493758,2.68331502320722,3.62886296339473,4.33304614376476,2.45365441277457,3.56532607833343,4.69769591629055,5.72690225917593,118.3,118.3,118.3,118.3,355,355,355,355,20,20,20,20,15,15,15,15,0,0,0,0,5,5,5,5,0,0,0,0,0,0,0,0,0,0,0,0,0,0,0,0,0,0,0,0,0,0,0,0,0,0,0,0,0,0,0,0
"101","118",1,45.429375244877,-73.9391764238557,2,4.74629828303507,3.08756358851707,2.96867795267575,6.25261447413497,3.45591767161464,3.34322552159273,3.95444794710479,6.61849059231831,118.3,118.3,118.3,118.3,355,355,355,355,20,20,20,20,15,15,15,15,0,0,0,0,5,5,5,5,0,0,0,0,0,0,0,0,0,0,0,0,0,0,0,0,0,0,0,0,0,0,0,0,0,0,0,0,0,0,0,0
"102","118",1,45.4286930545774,-73.9408322760585,2,13.1858776276955,12.3078383132055,13.0070152807328,10.7150573891412,7.44287825593655,7.23511990305323,8.23811967822009,9.23807951129582,118.3,118.3,118.3,118.3,355,355,355,355,20,20,20,20,15,15,15,15,0,0,0,0,5,5,5,5,0,0,0,0,0,0,0,0,0,0,0,0,0,0,0,0,0,0,0,0,0,0,0,0,0,0,0,0,0,0,0,0
"103","118",1,45.431629874114,-73.939777394519,2,15.4096021234199,11.3587764678805,11.8291425869772,10.1789714148117,11.9736274986971,10.1691510378803,8.92868836849439,10.3070665292063,118.3,118.3,118.3,118.3,355,355,355,355,20,20,20,20,15,15,15,15,0,0,0,0,5,5,5,5,0,0,0,0,0,0,0,0,0,0,0,0,0,0,0,0,0,0,0,0,0,0,0,0,0,0,0,0,0,0,0,0
"104","118",1,45.430985210447,-73.9418135237973,2,23.9284660409315,19.0293311980485,14.8977272466569,11.7540297645908,5.3369775096083,8.15015425944947,10.1255780202622,10.3105305928533,118.3,118.3,118.3,118.3,355,355,355,355,20,20,20,20,15,15,15,15,0,0,0,0,5,5,5,5,0,0,0,0,0,0,0,0,0,0,0,0,0,0,0,0,0,0,0,0,0,0,0,0,0,0,0,0,0,0,0,0
"105","118",1,45.4316982932049,-73.9406238519707,2,19.8402694706035,19.7079738124443,18.5075807340669,13.4973538504858,4.74307587432127,6.6404531412095,8.6812877042867,10.1694107049357,118.3,118.3,118.3,118.3,355,355,355,355,20,20,20,20,15,15,15,15,0,0,0,0,5,5,5,5,0,0,0,0,0,0,0,0,0,0,0,0,0,0,0,0,0,0,0,0,0,0,0,0,0,0,0,0,0,0,0,0
"106","118",1,45.4356811948664,-73.9298465850784,2,3.0028186641168,4.13176947580941,4.09266475006904,4.78853712641349,3.26235559982703,4.15084294918663,3.92512839593534,4.9899871443321,3020.3,3475.625,2677.50769230769,2272.61153846154,150,187.5,224.230769230769,242.115384615385,0,0,4.61538461538461,6.92307692307692,0,0,3.46153846153846,5.19230769230769,0,0,0,0,0,0,1.15384615384615,1.73076923076923,0,0,0,0,0,303.55,1480.9124301488,1600.41320138218,0,25,77.4286271846034,85.2007212171798,0,0,8.77058019307029,9.60768922830523,0,0,6.57793514480272,7.20576692122892,0,0,0,0,0,0,2.19264504826757,2.40192230707631,0,0,0,0
"107","120b",1,45.4304599872098,-73.9398519900822,2,3.07857722383202,4.10366383679423,4.79855861974543,8.18150092233162,3.39448464464025,4.31344353821088,5.5668919530742,8.74880366630643,118.3,118.3,118.3,118.3,355,355,355,355,20,20,20,20,15,15,15,15,0,0,0,0,5,5,5,5,0,0,0,0,0,0,0,0,0,0,0,0,0,0,0,0,0,0,0,0,0,0,0,0,0,0,0,0,0,0,0,0
"108","120b",1,45.4283623289875,-73.9359968855401,2,5.21765050215911,7.74060682489652,5.48037680340683,4.40196966745805,4.9765983989024,5.93235971661872,6.99863755613049,6.19533514963038,118.3,118.3,118.3,118.3,355,355,355,355,20,20,20,20,15,15,15,15,0,0,0,0,5,5,5,5,0,0,0,0,0,0,0,0,0,0,0,0,0,0,0,0,0,0,0,0,0,0,0,0,0,0,0,0,0,0,0,0
"109","120b",1,45.4316866344425,-73.9383160574104,2,0.193346832414885,2.09671455516289,3.33098704954859,4.36226528894825,0.730425935743368,4.3105298418695,6.25578311358334,7.2252998847736,118.3,118.3,118.3,118.3,355,355,355,355,20,20,20,20,15,15,15,15,0,0,0,0,5,5,5,5,0,0,0,0,0,0,0,0,0,0,0,0,0,0,0,0,0,0,0,0,0,0,0,0,0,0,0,0,0,0,0,0
"110","120b",1,45.4310702528439,-73.9390489514406,2,4.92502781719953,6.00188780456217,5.08770146541484,6.28569698225272,7.64127906557454,7.13047526461646,7.20951391010996,8.43632139427221,118.3,118.3,118.3,118.3,355,355,355,355,20,20,20,20,15,15,15,15,0,0,0,0,5,5,5,5,0,0,0,0,0,0,0,0,0,0,0,0,0,0,0,0,0,0,0,0,0,0,0,0,0,0,0,0,0,0,0,0
"111","120b",1,45.4380489820199,-73.9309596125898,2,4.28058572284308,5.28050504093009,6.85241265062615,8.62650732779263,4.67911178040659,5.33171593096557,7.3588432178484,9.21006439788996,3020.3,2052.96666666667,2052.96666666667,1592.55098039216,150,218.333333333333,218.333333333333,226.960784313725,0,6.66666666666667,6.66666666666667,9.2156862745098,0,5,5,5.58823529411765,0,0,0,0,0,1.66666666666667,1.66666666666667,2.45098039215686,0,0,0,0,0,1675.47048118829,1428.84602728809,1470.57276071231,0,118.356805183873,100.935022603053,99.6547963289903,0,11.5470053837925,9.84731927834662,9.61106388593936,0,8.66025403784439,7.38548945875996,7.32441525471689,0,0,0,0,0,2.88675134594813,2.46182981958665,2.52439082148701,0,0,0,0
"112","120b",1,45.4357563906783,-73.9314707873587,2,9.94388698659292,9.34344139079686,8.66052501005904,7.44443658768023,5.27229659407802,6.12082734343576,6.46922383385586,7.18482331829613,118.3,118.3,360.133333333333,1031.34901960784,355,355,337.916666666667,299.607843137255,20,20,18.3333333333333,14.1176470588235,15,15,13.75,10.5882352941176,0,0,0,0,5,5,4.58333333333333,3.52941176470588,0,0,0,0,0,0,837.735240594147,1437.13861493908,0,0,59.1784025919366,87.6233024785925,0,0,5.77350269189626,9.20357986616845,0,0,4.33012701892219,6.90268489962633,0,0,0,0,0,0,1.44337567297406,2.30089496654211,0,0,0,0
"113","120b",1,45.4373539700208,-73.9331603999571,2,22.7879821701555,22.5082963542574,16.1912360017554,13.9914870449365,5.45984474966116,4.4108340890378,9.64806627875473,10.6904569337308,118.3,118.3,118.3,442.096153846154,355,355,355,281.346153846154,20,20,20,16.4423076923077,15,15,15,9.51923076923077,0,0,0,0,5,5,5,4.42307692307692,0,0,0,0,0,0,0,940.412257941632,0,0,0,98.0251837620502,0,0,0,6.36600487743667,0,0,0,7.29353832905991,0,0,0,0,0,0,0,1.61301269516118,0,0,0,0
"114","120b",1,45.4403341444446,-73.9326429536218,2,0.0792955395638669,2.00635352856323,6.0372624983643,9.66610071886686,0.0467745299699763,5.0322959931802,8.59224441689048,10.7719029230048,74.1,74.1,74.1,76.65,155,155,155,166.538461538462,15,15,15,15.2884615384615,0,0,0,0.865384615384615,0,0,0,0,5,5,5,5,0,0,0,0,0,0,0,10.406248123123,0,0,0,47.0870955797419,0,0,0,1.17717738949355,0,0,0,3.53153216848064,0,0,0,0,0,0,0,0,0,0,0,0
"115","120b",1,45.4373876654285,-73.9356046785421,2,23.3419199480551,20.1666708727269,17.6349166942984,15.4512371667312,2.88286099942516,8.39109259693554,11.0312899150551,11.9528846153026,118.3,96.2,101.3,97.5,355,255,278.076923076923,260.882352941176,20,17.5,18.0769230769231,17.6470588235294,15,7.5,9.23076923076923,7.94117647058824,0,0,0,0,5,5,5,5,0,0,0,0,0,25.5188818981815,22.381540012549,22.2812566970537,0,115.470053837925,101.273936708367,100.820166050017,0,2.88675134594813,2.53184841770917,2.52050415125042,0,8.66025403784439,7.5955452531275,7.56151245375125,0,0,0,0,0,0,0,0,0,0,0,0
"116","120b",1,45.4360925030424,-73.9302140617405,2,2.66170071630117,3.36642051568583,4.21793433414148,5.76598688938844,2.26147013763523,3.24482710419163,4.33246449424773,6.04437161987031,3020.3,3020.3,2739,2202.56153846154,150,150,200.833333333333,236.346153846154,0,0,3.33333333333333,6.92307692307693,0,0,2.5,5.19230769230769,0,0,0,0,0,0,0.833333333333333,1.73076923076923,0,0,0,0,0,0,1256.54408308156,1551.17789907223,0,0,75.7037687705216,89.5255215261262,0,0,7.78498944161523,9.60768922830523,0,0,5.83874208121142,7.20576692122892,0,0,0,0,0,0,1.94624736040381,2.40192230707631,0,0,0,0
"117","120b",1,45.4349553273115,-73.9236200566146,2,1.31005592540322,1.31615988292056,2.9000874454335,4.8045282786413,2.60717104475681,2.53213018552862,4.9992308206346,5.94791696626078,118.3,118.3,368.95,806.358823529412,355,355,343.928571428571,324.607843137255,20,20,18.5714285714286,16.078431372549,15,15,13.9285714285714,12.0588235294118,0,0,0,0,5,5,4.64285714285714,4.01960784313725,0,0,0,0,0,0,937.846423994888,1407.07608837283,0,0,41.4254924964258,62.1517750129061,0,0,5.34522483824849,8.01958387263304,0,0,4.00891862868636,6.01468790447478,0,0,0,0,0,0,1.33630620956212,2.00489596815826,0,0,0,0
"118","120b",1,45.4343195362236,-73.9248028220965,2,0.07159953377287,0.269434428795036,1.9650532833906,2.83708828576886,0.0847367714117438,1.09015666030333,3.52859129185797,4.22486237059109,118.3,118.3,388.230769230769,928.092307692307,355,355,343.076923076923,319.230769230769,20,20,18.4615384615385,15.3846153846154,15,15,13.8461538461538,11.5384615384615,0,0,0,0,5,5,4.61538461538461,3.84615384615385,0,0,0,0,0,0,973.249229286976,1492.89616857159,0,0,42.9892652074552,65.9425226207852,0,0,5.54700196225229,8.50871259623035,0,0,4.16025147168922,6.38153444717276,0,0,0,0,0,0,1.38675049056307,2.12717814905759,0,0,0,0
"119","120b",1,45.4364316543551,-73.9220128008429,2,6.66039696633207,6.23112103820286,5.98171885795196,6.36940749577217,5.95037603070442,6.12065941795213,6.00906640080612,6.31726046130967,118.3,118.3,118.3,187.105882352941,355,355,355,351.960784313725,20,20,20,19.6078431372549,15,15,15,14.7058823529412,0,0,0,0,5,5,5,4.90196078431373,0,0,0,0,0,0,0,491.372284286268,0,0,0,21.7043413024342,0,0,0,2.80056016805602,0,0,0,2.10042012604201,0,0,0,0,0,0,0,0.700140042014005,0,0,0,0
"120","121",4,45.4140118608806,-73.9268748740999,2,6.62814968781859,7.72915554398825,7.67777254273119,6.79017029430066,5.36750229870892,6.72752105445044,6.48545596640968,6.86701806549494,1200.2,950.575,843.592857142857,743.878,180,173.75,171.071428571429,168.3,0,0,0,0.2,0,10,14.2857142857143,18.4,0,0,0,0,0,10,14.2857142857143,18.4,0,0,0,0,0,499.25,496.499290361699,505.696600695616,0,12.5,12.4311289524712,12.4380095526838,0,0,0,0.989743318610787,0,20,19.8898063239539,20.1382973562355,0,0,0,0,0,20,19.8898063239539,20.1382973562355,0,0,0,0
"121","121",4,45.4137099397889,-73.928873236961,2,11.5783568156214,9.57839656091568,8.16806949054636,6.36529977006466,4.97508576445554,6.00794288784564,6.87603125410395,6.64182283440803,201.7,201.7,451.325,508.930769230769,155,155,161.25,162.692307692308,0,0,0,0,40,40,30,27.6923076923077,0,0,0,0,40,40,30,27.6923076923077,0,0,0,0,0,0,451.588616341345,465.342320354728,0,0,11.3066754216661,11.6510345607093,0,0,0,0,0,0,18.0906806746658,18.6416552971348,0,0,0,0,0,0,18.0906806746658,18.6416552971348,0,0,0,0
"122","121",1,45.4223553713616,-73.9395565283229,2,16.9649282968214,11.4844414558625,5.86579961878468,4.69572169841982,7.16237083169472,8.67093537711227,8.04615438055508,7.5520288048482,118.3,118.3,118.3,118.3,355,355,355,355,20,20,20,20,15,15,15,15,0,0,0,0,5,5,5,5,0,0,0,0,0,0,0,0,0,0,0,0,0,0,0,0,0,0,0,0,0,0,0,0,0,0,0,0,0,0,0,0
"123","121",1,45.4306070912263,-73.9378653165455,2,1.02582993672482,1.21376863961492,2.1001457379017,2.84260930797001,1.96118270124681,2.71904914621808,4.37778281078962,5.10103608902728,118.3,118.3,118.3,118.3,355,355,355,355,20,20,20,20,15,15,15,15,0,0,0,0,5,5,5,5,0,0,0,0,0,0,0,0,0,0,0,0,0,0,0,0,0,0,0,0,0,0,0,0,0,0,0,0,0,0,0,0
"124","121",1,45.4286641137195,-73.9375220407157,2,9.00930226553239,7.54051278807725,5.41535796004472,5.38592923832255,3.33203249669984,4.30401562622117,5.57862908837923,6.30987758258108,118.3,118.3,118.3,118.3,355,355,355,355,20,20,20,20,15,15,15,15,0,0,0,0,5,5,5,5,0,0,0,0,0,0,0,0,0,0,0,0,0,0,0,0,0,0,0,0,0,0,0,0,0,0,0,0,0,0,0,0
"125","121",1,45.4271112359088,-73.9389769374266,2,4.69297492619503,5.51867930483395,6.85094585713111,7.71580430774909,3.74632031887543,5.5072009657999,6.96266915006214,8.17742431183308,118.3,118.3,118.3,118.3,355,355,355,355,20,20,20,20,15,15,15,15,0,0,0,0,5,5,5,5,0,0,0,0,0,0,0,0,0,0,0,0,0,0,0,0,0,0,0,0,0,0,0,0,0,0,0,0,0,0,0,0
"126","121",1,45.4301452756111,-73.9411321339276,2,9.99293917997478,10.1798826670577,9.32041425351289,8.44285790240064,4.33314335678489,6.12700858595744,7.63103094513751,9.21692481937661,118.3,118.3,118.3,118.3,355,355,355,355,20,20,20,20,15,15,15,15,0,0,0,0,5,5,5,5,0,0,0,0,0,0,0,0,0,0,0,0,0,0,0,0,0,0,0,0,0,0,0,0,0,0,0,0,0,0,0,0
"127","121",1,45.4296702996201,-73.9380820872581,2,2.10448011734677,4.79203249542176,3.58369064695298,3.31982391008318,3.67452698900903,5.60580817886641,4.87099769496638,4.88741765231053,118.3,118.3,118.3,118.3,355,355,355,355,20,20,20,20,15,15,15,15,0,0,0,0,5,5,5,5,0,0,0,0,0,0,0,0,0,0,0,0,0,0,0,0,0,0,0,0,0,0,0,0,0,0,0,0,0,0,0,0
"128","121",1,45.430157179428,-73.9415752471069,2,14.1650582856204,9.74141910556862,8.18534779113824,8.97449397949437,5.81232878309572,6.74114694597043,8.12332167765907,9.3534005611363,118.3,118.3,118.3,118.3,355,355,355,355,20,20,20,20,15,15,15,15,0,0,0,0,5,5,5,5,0,0,0,0,0,0,0,0,0,0,0,0,0,0,0,0,0,0,0,0,0,0,0,0,0,0,0,0,0,0,0,0
"129","121",1,45.4281006513799,-73.936805499503,2,7.40203852950013,8.93201327894796,8.12264817873974,5.32786352036091,8.69183296145726,8.04855126212237,6.75804491832024,6.6174764765157,118.3,118.3,118.3,118.3,355,355,355,355,20,20,20,20,15,15,15,15,0,0,0,0,5,5,5,5,0,0,0,0,0,0,0,0,0,0,0,0,0,0,0,0,0,0,0,0,0,0,0,0,0,0,0,0,0,0,0,0
"130","121",1,45.4308816181883,-73.9392870763011,2,2.07960232998132,3.33336126405022,5.48839312284496,7.21375191948633,2.55055785848184,4.69853992711714,6.98975461425574,8.77265073362538,118.3,118.3,118.3,118.3,355,355,355,355,20,20,20,20,15,15,15,15,0,0,0,0,5,5,5,5,0,0,0,0,0,0,0,0,0,0,0,0,0,0,0,0,0,0,0,0,0,0,0,0,0,0,0,0,0,0,0,0
"131","121",1,45.4301717377253,-73.9377638966346,2,6.23461524042259,3.94449086527889,2.182333300872,2.5437592305388,6.14131818553442,5.37715796854885,4.2240415279706,4.51613572832823,118.3,118.3,118.3,118.3,355,355,355,355,20,20,20,20,15,15,15,15,0,0,0,0,5,5,5,5,0,0,0,0,0,0,0,0,0,0,0,0,0,0,0,0,0,0,0,0,0,0,0,0,0,0,0,0,0,0,0,0
"132","121",1,45.4300276985445,-73.9348081914129,2,2.50315786565391,2.43717574199317,1.36364461361003,0.932053315213597,4.0865912339574,4.14671197588094,3.32039358861884,2.95437644522309,118.3,118.3,118.3,118.3,355,355,355,355,20,20,20,20,15,15,15,15,0,0,0,0,5,5,5,5,0,0,0,0,0,0,0,0,0,0,0,0,0,0,0,0,0,0,0,0,0,0,0,0,0,0,0,0,0,0,0,0
"133","121",1,45.4296291750994,-73.938682125877,2,3.31438321221496,2.86043526538774,3.18470687152099,4.94543268575707,2.92655436561798,3.4938385599891,4.41566954796178,6.08101216648713,118.3,118.3,118.3,118.3,355,355,355,355,20,20,20,20,15,15,15,15,0,0,0,0,5,5,5,5,0,0,0,0,0,0,0,0,0,0,0,0,0,0,0,0,0,0,0,0,0,0,0,0,0,0,0,0,0,0,0,0
"134","121",1,45.4293440781732,-73.9386142146542,2,3.5381516380854,3.30921097859912,3.68893542538378,5.33081196080352,3.99972229072435,3.96762561442542,4.54962871318845,6.25419076393587,118.3,118.3,118.3,118.3,355,355,355,355,20,20,20,20,15,15,15,15,0,0,0,0,5,5,5,5,0,0,0,0,0,0,0,0,0,0,0,0,0,0,0,0,0,0,0,0,0,0,0,0,0,0,0,0,0,0,0,0
"135","121",1,45.4297408817274,-73.9382693890766,2,0.795438301794146,3.73052373784485,3.51006487730694,3.56518704086759,1.57618568432891,4.84315125850951,4.72858567084232,5.07478919094313,118.3,118.3,118.3,118.3,355,355,355,355,20,20,20,20,15,15,15,15,0,0,0,0,5,5,5,5,0,0,0,0,0,0,0,0,0,0,0,0,0,0,0,0,0,0,0,0,0,0,0,0,0,0,0,0,0,0,0,0
"136","121",1,45.4292435616295,-73.9372463344507,2,7.89126643377792,5.6636260736678,3.8511868562901,3.85567582833021,5.88137195327617,6.07528637235407,5.16267821185571,5.49577802309026,118.3,118.3,118.3,118.3,355,355,355,355,20,20,20,20,15,15,15,15,0,0,0,0,5,5,5,5,0,0,0,0,0,0,0,0,0,0,0,0,0,0,0,0,0,0,0,0,0,0,0,0,0,0,0,0,0,0,0,0
"137","121",1,45.4298623457492,-73.9385846680083,2,1.1932262766738,2.51294862132305,3.23296264272965,4.28008552934931,1.84954504160126,3.22924625485463,4.34131316941278,5.76974055917347,118.3,118.3,118.3,118.3,355,355,355,355,20,20,20,20,15,15,15,15,0,0,0,0,5,5,5,5,0,0,0,0,0,0,0,0,0,0,0,0,0,0,0,0,0,0,0,0,0,0,0,0,0,0,0,0,0,0,0,0
"138","121",1,45.4279497217163,-73.9303925484421,2,0.121919598938734,0.181076516751967,0.0886815590563391,0.0571305869814624,0.668249508825725,0.838647899857395,0.423987629817939,0.214324541479471,118.3,118.3,118.3,118.3,355,355,355,355,20,20,20,20,15,15,15,15,0,0,0,0,5,5,5,5,0,0,0,0,0,0,0,0,0,0,0,0,0,0,0,0,0,0,0,0,0,0,0,0,0,0,0,0,0,0,0,0
"139","121",1,45.4283234440768,-73.9378940626115,2,7.78310836497957,7.27209805392593,6.24261513779641,6.33783695603949,4.44514460672315,4.87525498749305,5.64086439786789,6.56615180373338,118.3,118.3,118.3,118.3,355,355,355,355,20,20,20,20,15,15,15,15,0,0,0,0,5,5,5,5,0,0,0,0,0,0,0,0,0,0,0,0,0,0,0,0,0,0,0,0,0,0,0,0,0,0,0,0,0,0,0,0
"140","123",1,45.4315012454631,-73.9403644864268,2,14.6668411872852,16.1618103892973,15.6855214075368,12.1164748296953,6.15643773204171,8.48828508041188,9.44290037276495,10.2283063430241,118.3,118.3,118.3,118.3,355,355,355,355,20,20,20,20,15,15,15,15,0,0,0,0,5,5,5,5,0,0,0,0,0,0,0,0,0,0,0,0,0,0,0,0,0,0,0,0,0,0,0,0,0,0,0,0,0,0,0,0
"141","123",1,45.4290235583072,-73.9398653251574,2,4.3579469273665,5.58411752512854,7.39005333172622,8.25299499874592,3.02406828259385,5.61257955751296,6.87022199780021,7.80117757682287,118.3,118.3,118.3,118.3,355,355,355,355,20,20,20,20,15,15,15,15,0,0,0,0,5,5,5,5,0,0,0,0,0,0,0,0,0,0,0,0,0,0,0,0,0,0,0,0,0,0,0,0,0,0,0,0,0,0,0,0
"142","123",1,45.4300668925917,-73.9383309265535,2,2.80282436497036,3.2974401452634,2.93787293230825,3.37662356730803,3.74046344871969,4.85893767109639,4.30264624014422,5.23206130352034,118.3,118.3,118.3,118.3,355,355,355,355,20,20,20,20,15,15,15,15,0,0,0,0,5,5,5,5,0,0,0,0,0,0,0,0,0,0,0,0,0,0,0,0,0,0,0,0,0,0,0,0,0,0,0,0,0,0,0,0
"143","123",1,45.4287486512818,-73.9371320080568,2,7.43457027565239,6.06214390220892,5.13903399335148,4.79713245494501,4.25240943255192,4.89121628128213,5.67127799080358,6.2058906880524,118.3,118.3,118.3,118.3,355,355,355,355,20,20,20,20,15,15,15,15,0,0,0,0,5,5,5,5,0,0,0,0,0,0,0,0,0,0,0,0,0,0,0,0,0,0,0,0,0,0,0,0,0,0,0,0,0,0,0,0
"144","123",1,45.4303518499074,-73.9392893190714,2,1.45702468980343,2.10174800833976,3.18742140424768,6.56772721567295,2.22229469960782,2.71339564175018,4.03012549509803,7.7824207872267,118.3,118.3,118.3,118.3,355,355,355,355,20,20,20,20,15,15,15,15,0,0,0,0,5,5,5,5,0,0,0,0,0,0,0,0,0,0,0,0,0,0,0,0,0,0,0,0,0,0,0,0,0,0,0,0,0,0,0,0
"145","123",1,45.432792886131,-73.9394074557446,2,5.06904813848985,7.32259113660873,6.46311948716516,9.01672508214799,5.86752398103292,9.59288656324211,7.78792528501316,10.3085434998295,118.3,118.3,118.3,118.3,355,355,355,355,20,20,20,20,15,15,15,15,0,0,0,0,5,5,5,5,0,0,0,0,0,0,0,0,0,0,0,0,0,0,0,0,0,0,0,0,0,0,0,0,0,0,0,0,0,0,0,0
"146","123",1,45.4314491247633,-73.9417443661497,2,26.040142327775,24.6512572649707,20.3062560034027,14.487919540836,4.04265409933185,4.78819033400787,8.2754314968393,10.0376185051175,118.3,118.3,118.3,118.3,355,355,355,355,20,20,20,20,15,15,15,15,0,0,0,0,5,5,5,5,0,0,0,0,0,0,0,0,0,0,0,0,0,0,0,0,0,0,0,0,0,0,0,0,0,0,0,0,0,0,0,0
"147","123",1,45.4306150863801,-73.9424817054792,2,1.19461030420817,3.35617934978409,7.31545923342923,11.6185413650495,2.99533768334059,5.65353649915119,9.09749141603399,10.0985816775981,118.3,118.3,118.3,118.3,355,355,355,355,20,20,20,20,15,15,15,15,0,0,0,0,5,5,5,5,0,0,0,0,0,0,0,0,0,0,0,0,0,0,0,0,0,0,0,0,0,0,0,0,0,0,0,0,0,0,0,0
"148","123",1,45.4294758011097,-73.9387999076588,2,4.01791127263679,3.50816427953153,2.96807174116804,5.41140491754637,3.43883616162362,3.67640495451685,4.01860213396526,6.29736275135787,118.3,118.3,118.3,118.3,355,355,355,355,20,20,20,20,15,15,15,15,0,0,0,0,5,5,5,5,0,0,0,0,0,0,0,0,0,0,0,0,0,0,0,0,0,0,0,0,0,0,0,0,0,0,0,0,0,0,0,0
"149","123",1,45.4285440842111,-73.9414623783251,2,20.9455499402282,18.5386533837901,14.4699147513198,12.4667562473497,4.89839758064606,8.2910799823329,9.30587944695156,9.40749300891281,118.3,118.3,118.3,118.3,355,355,355,355,20,20,20,20,15,15,15,15,0,0,0,0,5,5,5,5,0,0,0,0,0,0,0,0,0,0,0,0,0,0,0,0,0,0,0,0,0,0,0,0,0,0,0,0,0,0,0,0
"150","124",2,45.4277124139557,-73.9357607579153,2,4.69705804156577,7.26271453358337,7.11298935581751,4.87453919574177,7.38452623299869,7.22843665681987,7.70639644626078,6.69640033457119,118.3,118.3,118.3,118.3,355,355,355,355,20,20,20,20,15,15,15,15,0,0,0,0,5,5,5,5,0,0,0,0,0,0,0,0,0,0,0,0,0,0,0,0,0,0,0,0,0,0,0,0,0,0,0,0,0,0,0,0
"151","124",2,45.4299463928926,-73.938542252336,2,1.17553004965748,2.47415282717178,3.10005499921062,4.05955505119059,1.81151320905339,3.61784627772389,4.26971437883716,5.70091525666367,118.3,118.3,118.3,118.3,355,355,355,355,20,20,20,20,15,15,15,15,0,0,0,0,5,5,5,5,0,0,0,0,0,0,0,0,0,0,0,0,0,0,0,0,0,0,0,0,0,0,0,0,0,0,0,0,0,0,0,0
"152","124",2,45.4324578954932,-73.9387112371247,2,0.0324669312021176,1.22623164708172,3.49093653190217,5.84497825627234,0.0151360277076756,3.145973680531,6.49714383571385,8.57236670632195,118.3,118.3,118.3,118.3,355,355,355,355,20,20,20,20,15,15,15,15,0,0,0,0,5,5,5,5,0,0,0,0,0,0,0,0,0,0,0,0,0,0,0,0,0,0,0,0,0,0,0,0,0,0,0,0,0,0,0,0
"153","124",2,45.4292628203261,-73.9388326012516,2,1.76725642016079,3.6362023089511,2.82978064551226,5.81457695186571,3.0323317744406,3.99808844436807,3.44423516536867,6.44380303010279,118.3,118.3,118.3,118.3,355,355,355,355,20,20,20,20,15,15,15,15,0,0,0,0,5,5,5,5,0,0,0,0,0,0,0,0,0,0,0,0,0,0,0,0,0,0,0,0,0,0,0,0,0,0,0,0,0,0,0,0
"154","124",2,45.4294510077922,-73.9412607359965,2,11.1862420394804,10.4560562830637,8.65933803283297,9.10017105095054,7.98202593984089,8.50875593358092,8.21590175701188,9.04246124540247,118.3,118.3,118.3,118.3,355,355,355,355,20,20,20,20,15,15,15,15,0,0,0,0,5,5,5,5,0,0,0,0,0,0,0,0,0,0,0,0,0,0,0,0,0,0,0,0,0,0,0,0,0,0,0,0,0,0,0,0
"155","124",2,45.430000431582,-73.9377794780922,2,9.36020332511151,4.72407808733672,2.52455234652034,2.57338963432854,5.86493891518845,5.67881266194217,4.51916800774615,4.32247766791944,118.3,118.3,118.3,118.3,355,355,355,355,20,20,20,20,15,15,15,15,0,0,0,0,5,5,5,5,0,0,0,0,0,0,0,0,0,0,0,0,0,0,0,0,0,0,0,0,0,0,0,0,0,0,0,0,0,0,0,0
"156","124",2,45.4301217329007,-73.9417390533175,2,11.7782770501001,8.29735312944448,7.1711800986845,9.31409495415349,7.6924210947754,7.25394688670107,7.98439152409287,9.45431088117569,118.3,118.3,118.3,118.3,355,355,355,355,20,20,20,20,15,15,15,15,0,0,0,0,5,5,5,5,0,0,0,0,0,0,0,0,0,0,0,0,0,0,0,0,0,0,0,0,0,0,0,0,0,0,0,0,0,0,0,0
"157","124",2,45.4315457677777,-73.9406074213286,2,18.3715031183459,19.2276770736644,17.6910753677801,12.9534904368138,5.35885564486971,6.74719113560865,9.01422834515285,10.1669738776493,118.3,118.3,118.3,118.3,355,355,355,355,20,20,20,20,15,15,15,15,0,0,0,0,5,5,5,5,0,0,0,0,0,0,0,0,0,0,0,0,0,0,0,0,0,0,0,0,0,0,0,0,0,0,0,0,0,0,0,0
"158","124",2,45.4294572888661,-73.9375101444485,2,10.5919855587837,5.52091363745205,3.77369611172827,3.22457040734607,5.52350298871831,6.13194611620426,5.17606106118399,4.87565410439177,118.3,118.3,118.3,118.3,355,355,355,355,20,20,20,20,15,15,15,15,0,0,0,0,5,5,5,5,0,0,0,0,0,0,0,0,0,0,0,0,0,0,0,0,0,0,0,0,0,0,0,0,0,0,0,0,0,0,0,0
"159","124",2,45.4320846117111,-73.9398656740646,2,9.22257610639583,13.5327109358217,13.2605270284246,11.3651574114834,3.55850541494482,7.74404177338519,9.26459555540953,10.7441079165144,118.3,118.3,118.3,118.3,355,355,355,355,20,20,20,20,15,15,15,15,0,0,0,0,5,5,5,5,0,0,0,0,0,0,0,0,0,0,0,0,0,0,0,0,0,0,0,0,0,0,0,0,0,0,0,0,0,0,0,0
"160","124",2,45.4316532408247,-73.9364553099877,2,3.93166573437514,2.45491137406744,1.33022155669418,1.12754617094783,5.72078233960325,4.45719951108532,3.47109685832407,3.35371199196311,118.3,118.3,118.3,118.3,355,355,355,355,20,20,20,20,15,15,15,15,0,0,0,0,5,5,5,5,0,0,0,0,0,0,0,0,0,0,0,0,0,0,0,0,0,0,0,0,0,0,0,0,0,0,0,0,0,0,0,0
"161","124",2,45.4309289569428,-73.9382178569769,2,2.69042813790075,2.91243916599012,2.47141069342312,3.6367221026408,2.87789398985727,5.00923317886529,4.95330079647322,6.00248334379827,118.3,118.3,118.3,118.3,355,355,355,355,20,20,20,20,15,15,15,15,0,0,0,0,5,5,5,5,0,0,0,0,0,0,0,0,0,0,0,0,0,0,0,0,0,0,0,0,0,0,0,0,0,0,0,0,0,0,0,0
"162","124",2,45.4296115211316,-73.9389758687417,2,5.86929540551395,3.42293820202091,2.57483799365451,5.57483478090747,3.28597623832124,3.21736698612081,3.60415221017462,6.35860069685817,118.3,118.3,118.3,118.3,355,355,355,355,20,20,20,20,15,15,15,15,0,0,0,0,5,5,5,5,0,0,0,0,0,0,0,0,0,0,0,0,0,0,0,0,0,0,0,0,0,0,0,0,0,0,0,0,0,0,0,0
"163","124",2,45.4313604848373,-73.9353471183303,2,0.0843279774465774,0.762239018671383,1.13037814619785,0.720863722953589,0.0276210672576032,2.45607442987526,3.11615290741275,2.56828001043729,118.3,118.3,118.3,118.3,355,355,355,355,20,20,20,20,15,15,15,15,0,0,0,0,5,5,5,5,0,0,0,0,0,0,0,0,0,0,0,0,0,0,0,0,0,0,0,0,0,0,0,0,0,0,0,0,0,0,0,0
"164","124",2,45.4283857389409,-73.9355447472613,2,12.0932210286458,6.62601814784725,4.03412852015067,4.04059185159434,5.34333216198135,6.56732057884933,6.19153327822502,6.16993314240096,118.3,118.3,118.3,118.3,355,355,355,355,20,20,20,20,15,15,15,15,0,0,0,0,5,5,5,5,0,0,0,0,0,0,0,0,0,0,0,0,0,0,0,0,0,0,0,0,0,0,0,0,0,0,0,0,0,0,0,0
"165","124",2,45.427886680448,-73.9386023978267,2,8.25028979475115,9.19105378770572,8.63137640680877,7.18065933654093,5.14908400171991,6.46052021550926,6.63123016404005,6.99889287223075,118.3,118.3,118.3,118.3,355,355,355,355,20,20,20,20,15,15,15,15,0,0,0,0,5,5,5,5,0,0,0,0,0,0,0,0,0,0,0,0,0,0,0,0,0,0,0,0,0,0,0,0,0,0,0,0,0,0,0,0
"166","124",2,45.4274623764893,-73.9392475710129,2,11.7625786978657,11.3009688074871,9.28254501805327,8.88035243957413,5.14888124348113,5.77473666146471,7.26832577391313,8.5217589590738,118.3,118.3,118.3,118.3,355,355,355,355,20,20,20,20,15,15,15,15,0,0,0,0,5,5,5,5,0,0,0,0,0,0,0,0,0,0,0,0,0,0,0,0,0,0,0,0,0,0,0,0,0,0,0,0,0,0,0,0
"167","124",2,45.4262957335614,-73.9366980445307,2,3.11203966038618,4.56238623040663,5.50547478440016,4.7504470719666,5.13860545346612,6.05051543147589,6.85946373145846,6.82863999423888,118.3,118.3,118.3,118.3,355,355,355,355,20,20,20,20,15,15,15,15,0,0,0,0,5,5,5,5,0,0,0,0,0,0,0,0,0,0,0,0,0,0,0,0,0,0,0,0,0,0,0,0,0,0,0,0,0,0,0,0
"168","124",2,45.42957188543,-73.9390667734517,2,6.5307409625368,3.50119856390151,2.50709937885451,5.80888429361181,2.86332025750707,3.15900330969045,3.34729826418536,6.47030665629371,118.3,118.3,118.3,118.3,355,355,355,355,20,20,20,20,15,15,15,15,0,0,0,0,5,5,5,5,0,0,0,0,0,0,0,0,0,0,0,0,0,0,0,0,0,0,0,0,0,0,0,0,0,0,0,0,0,0,0,0
"169","125",1,45.4290505292704,-73.9410326245165,2,7.97711512157304,10.8191977114224,11.1519280246041,9.61495761944259,6.40796518700029,8.01674024823596,8.6128164765833,9.06470556565989,118.3,118.3,118.3,118.3,355,355,355,355,20,20,20,20,15,15,15,15,0,0,0,0,5,5,5,5,0,0,0,0,0,0,0,0,0,0,0,0,0,0,0,0,0,0,0,0,0,0,0,0,0,0,0,0,0,0,0,0
"170","125",1,45.4315242146775,-73.9365590068096,2,0.996121222819766,2.1096346028969,1.2421028672481,1.33388331256876,3.33038897020393,4.29150026076219,3.36406873461006,3.68623266114057,118.3,118.3,118.3,118.3,355,355,355,355,20,20,20,20,15,15,15,15,0,0,0,0,5,5,5,5,0,0,0,0,0,0,0,0,0,0,0,0,0,0,0,0,0,0,0,0,0,0,0,0,0,0,0,0,0,0,0,0
"171","125",1,45.4320993142221,-73.9410951870961,2,25.6311393271876,24.8411896121963,22.2172626538701,16.1772366812477,2.5111319034198,3.0962329855395,6.27653299017606,9.73327120662186,118.3,118.3,118.3,118.3,355,355,355,355,20,20,20,20,15,15,15,15,0,0,0,0,5,5,5,5,0,0,0,0,0,0,0,0,0,0,0,0,0,0,0,0,0,0,0,0,0,0,0,0,0,0,0,0,0,0,0,0
"172","125",1,45.4303501525743,-73.934520761303,2,0.0491233615700256,0.173105057510591,1.16829049741664,0.707128139619004,0.0220483233834558,0.802589510299289,3.06779444578974,2.52739159788071,118.3,118.3,118.3,118.3,355,355,355,355,20,20,20,20,15,15,15,15,0,0,0,0,5,5,5,5,0,0,0,0,0,0,0,0,0,0,0,0,0,0,0,0,0,0,0,0,0,0,0,0,0,0,0,0,0,0,0,0
"173","125",2,45.4312151180202,-73.9378271433128,2,0.0428309275516426,0.711297407021592,1.72960248788774,2.91876483003328,0.0171544458792336,2.3912379080279,4.28451367408532,5.51885700529157,118.3,118.3,118.3,118.3,355,355,355,355,20,20,20,20,15,15,15,15,0,0,0,0,5,5,5,5,0,0,0,0,0,0,0,0,0,0,0,0,0,0,0,0,0,0,0,0,0,0,0,0,0,0,0,0,0,0,0,0
"174","125",2,45.4294715746528,-73.935278955019,2,0.191990875663678,1.74400173339775,1.58534071960392,2.13989989960209,1.196284318586,3.82912105286578,3.7413813857312,4.49118641763063,118.3,118.3,118.3,118.3,355,355,355,355,20,20,20,20,15,15,15,15,0,0,0,0,5,5,5,5,0,0,0,0,0,0,0,0,0,0,0,0,0,0,0,0,0,0,0,0,0,0,0,0,0,0,0,0,0,0,0,0
"175","127",2,45.43087339256,-73.9399210337422,2,4.06777038884197,6.04670812884568,8.42370970525835,9.49329322267238,4.50311449180721,6.0118647005276,8.58935799280152,9.5189537538891,118.3,118.3,118.3,118.3,355,355,355,355,20,20,20,20,15,15,15,15,0,0,0,0,5,5,5,5,0,0,0,0,0,0,0,0,0,0,0,0,0,0,0,0,0,0,0,0,0,0,0,0,0,0,0,0,0,0,0,0
"176","127",2,45.4297165685451,-73.940049811104,2,1.28791141364262,3.21531756988083,6.60382450108107,7.39644796286436,2.35602779782392,4.36526587352454,6.71123271014237,7.89792292026576,118.3,118.3,118.3,118.3,355,355,355,355,20,20,20,20,15,15,15,15,0,0,0,0,5,5,5,5,0,0,0,0,0,0,0,0,0,0,0,0,0,0,0,0,0,0,0,0,0,0,0,0,0,0,0,0,0,0,0,0
"177","127",2,45.4305439595655,-73.9388170314967,2,1.88005073857186,1.60153281805449,3.09984083727005,4.89668862130359,2.48308586373184,2.36378791116721,4.60847259620948,6.94550904138951,118.3,118.3,118.3,118.3,355,355,355,355,20,20,20,20,15,15,15,15,0,0,0,0,5,5,5,5,0,0,0,0,0,0,0,0,0,0,0,0,0,0,0,0,0,0,0,0,0,0,0,0,0,0,0,0,0,0,0,0
"178","127",2,45.4320953214114,-73.9381670925367,2,0.0673600970061603,0.0498485062548791,1.89970938890732,3.82540675600705,0.0308934195889366,0.0284076190229889,4.5176288330049,6.86293005095418,118.3,118.3,118.3,118.3,355,355,355,355,20,20,20,20,15,15,15,15,0,0,0,0,5,5,5,5,0,0,0,0,0,0,0,0,0,0,0,0,0,0,0,0,0,0,0,0,0,0,0,0,0,0,0,0,0,0,0,0
"179","127",2,45.4313526778828,-73.9394205694271,2,5.00842147834916,7.87323563043375,8.03012808253817,8.24370127667695,8.18562590969032,9.63239257880451,8.05670606227264,9.6516223127205,118.3,118.3,118.3,118.3,355,355,355,355,20,20,20,20,15,15,15,15,0,0,0,0,5,5,5,5,0,0,0,0,0,0,0,0,0,0,0,0,0,0,0,0,0,0,0,0,0,0,0,0,0,0,0,0,0,0,0,0
"180","127",2,45.4307850296704,-73.939767990003,2,3.28389701318574,4.17526273179996,6.88268965304811,8.9010375917338,3.9094966034277,4.56076147993961,7.65537908891908,9.27401210836892,118.3,118.3,118.3,118.3,355,355,355,355,20,20,20,20,15,15,15,15,0,0,0,0,5,5,5,5,0,0,0,0,0,0,0,0,0,0,0,0,0,0,0,0,0,0,0,0,0,0,0,0,0,0,0,0,0,0,0,0
"181","127",2,45.4324311694452,-73.9353741305796,2,0.0449566386879188,0.0466751166665629,0.366965571155116,0.614460828145102,0.0202163047075345,0.0205585871990771,1.79768577585316,2.49494097639539,118.3,118.3,118.3,118.3,355,355,355,355,20,20,20,20,15,15,15,15,0,0,0,0,5,5,5,5,0,0,0,0,0,0,0,0,0,0,0,0,0,0,0,0,0,0,0,0,0,0,0,0,0,0,0,0,0,0,0,0
"182","127",2,45.4301474730008,-73.9379680162573,2,7.9297201519459,3.9676473028718,2.41935282358256,2.65558422102364,5.5574193624247,5.25463106815404,4.2396592223229,4.61420760080192,118.3,118.3,118.3,118.3,355,355,355,355,20,20,20,20,15,15,15,15,0,0,0,0,5,5,5,5,0,0,0,0,0,0,0,0,0,0,0,0,0,0,0,0,0,0,0,0,0,0,0,0,0,0,0,0,0,0,0,0
"183","127",2,45.4311398177496,-73.9362717307212,2,0.454814156888394,1.93442493370773,1.22170987748313,1.29494975029131,1.68824524843975,4.00118545477518,3.22286511140843,3.53602255457027,118.3,118.3,118.3,118.3,355,355,355,355,20,20,20,20,15,15,15,15,0,0,0,0,5,5,5,5,0,0,0,0,0,0,0,0,0,0,0,0,0,0,0,0,0,0,0,0,0,0,0,0,0,0,0,0,0,0,0,0
"184","127",2,45.4297313153229,-73.9387815346961,2,3.26530547248858,2.96054206085005,2.96943742209663,5.04381534177295,3.04913540580126,3.24426776540354,4.13904697700527,6.16541471857322,118.3,118.3,118.3,118.3,355,355,355,355,20,20,20,20,15,15,15,15,0,0,0,0,5,5,5,5,0,0,0,0,0,0,0,0,0,0,0,0,0,0,0,0,0,0,0,0,0,0,0,0,0,0,0,0,0,0,0,0
"185","127",2,45.4316042309324,-73.9365343584234,2,2.00413557730544,2.30877764910446,1.2935527020752,1.25069209543944,4.61815220631905,4.40703222622377,3.42015179750942,3.56341752108405,118.3,118.3,118.3,118.3,355,355,355,355,20,20,20,20,15,15,15,15,0,0,0,0,5,5,5,5,0,0,0,0,0,0,0,0,0,0,0,0,0,0,0,0,0,0,0,0,0,0,0,0,0,0,0,0,0,0,0,0
"186","127",2,45.4304131511231,-73.9406242559407,2,7.13688368515667,7.56281927689309,9.85427972134613,8.97814791547274,3.0075788390521,4.82029335109367,7.82898101527287,9.31229139707984,118.3,118.3,118.3,118.3,355,355,355,355,20,20,20,20,15,15,15,15,0,0,0,0,5,5,5,5,0,0,0,0,0,0,0,0,0,0,0,0,0,0,0,0,0,0,0,0,0,0,0,0,0,0,0,0,0,0,0,0
"187","127",2,45.4287451318539,-73.9409109454044,2,12.4939662609808,11.9126168268517,12.9021553221643,10.6305903172678,8.26059196296647,7.61852000277679,8.38769443087038,9.24779139387068,118.3,118.3,118.3,118.3,355,355,355,355,20,20,20,20,15,15,15,15,0,0,0,0,5,5,5,5,0,0,0,0,0,0,0,0,0,0,0,0,0,0,0,0,0,0,0,0,0,0,0,0,0,0,0,0,0,0,0,0
"188","127",2,45.4298447005968,-73.9391514386503,2,3.26147607385898,3.17819457748885,2.55689701203105,5.79943433038488,2.86682948317067,3.27624353177981,3.38787903517688,6.72552458568745,118.3,118.3,118.3,118.3,355,355,355,355,20,20,20,20,15,15,15,15,0,0,0,0,5,5,5,5,0,0,0,0,0,0,0,0,0,0,0,0,0,0,0,0,0,0,0,0,0,0,0,0,0,0,0,0,0,0,0,0
"189","127",2,45.4311064931847,-73.9385633519735,2,10.3081861798155,5.41072516602407,3.37377675119343,4.70215301040181,7.4515301854385,6.59823805019803,6.07741855234814,7.19590904368865,118.3,118.3,118.3,118.3,355,355,355,355,20,20,20,20,15,15,15,15,0,0,0,0,5,5,5,5,0,0,0,0,0,0,0,0,0,0,0,0,0,0,0,0,0,0,0,0,0,0,0,0,0,0,0,0,0,0,0,0
"190","130",4,45.4115617591435,-73.9280441260912,2,9.96911431426609,8.65085936983148,8.29729114353413,8.27773382397624,8.22358664556627,7.35840754847321,7.23183189648554,7.29278961380883,1200.2,1200.2,1200.2,945.680392156863,180,180,180,173.627450980392,0,0,0,0,0,0,0,10.1960784313725,0,0,0,0,0,0,0,10.1960784313725,0,0,0,0,0,0,0,439.482365525448,0,0,0,11.0035644848635,0,0,0,0,0,0,0,17.6057031757816,0,0,0,0,0,0,0,17.6057031757816,0,0,0,0
"191","130",4,45.4109657464828,-73.9296002658278,2,13.0692041329983,10.6079365171603,8.28206457138586,7.31226335171527,7.09360196233425,7.04016567739641,6.61056599158412,7.11979392350246,201.7,201.7,432.123076923077,681.748076923077,155,155,160.769230769231,167.019230769231,0,0,0,0,40,40,30.7692307692308,20.7692307692308,0,0,0,0,40,40,30.7692307692308,20.7692307692308,0,0,0,0,0,0,437.871216139034,503.747838603988,0,0,10.9632252413379,12.6126148874309,0,0,0,0,0,0,17.5411603861406,20.1801838198894,0,0,0,0,0,0,17.5411603861406,20.1801838198894,0,0,0,0
"192","130",4,45.4138121692645,-73.9317749037587,2,2.19718780945103,3.72099439921414,3.72128185030462,3.86846587842444,3.09137178211521,4.6776452274378,4.77146882783852,5.17845615495199,201.7,201.7,195.742857142857,177.642307692308,155,155,169.285714285714,212.692307692308,0,0,1.42857142857143,5.76923076923077,40,40,38.2142857142857,32.7884615384615,0,0,0,0,40,40,37.5,29.9038461538462,0,0,0,0,0,0,22.2895875754962,38.1527443371049,0,0,53.4522483824849,91.4933916956952,0,0,5.34522483824849,9.14933916956951,0,0,6.68153104781061,11.4366739619619,0,0,0,0,0,0,9.35414346693485,16.0113435467466,0,0,0,0
"193","130",4,45.4098827231865,-73.9308013950714,2,5.68879705539907,5.59985983257901,8.26828557395705,8.24826838305936,6.4590050205768,6.27410490543812,8.020812119995,7.69666864815396,201.7,201.7,432.123076923077,523.321153846154,155,155,160.769230769231,174.711538461538,0,0,0,1.15384615384615,40,40,30.7692307692308,25.4807692307692,0,0,0,0,40,40,30.7692307692308,24.9038461538461,0,0,0,0,0,0,437.871216139034,476.733498675546,0,0,10.9632252413379,46.5307558159376,0,0,0,4.70870955797418,0,0,17.5411603861406,18.8455959224216,0,0,0,0,0,0,17.5411603861406,19.3139791042295,0,0,0,0
"194","130",1,45.4290626093352,-73.9348559654315,2,2.44029514419513,2.62862958193919,2.0920094308885,1.99415382578803,4.55578929739751,4.8974555384806,4.47767647332391,4.49498858516739,118.3,118.3,118.3,118.3,355,355,355,355,20,20,20,20,15,15,15,15,0,0,0,0,5,5,5,5,0,0,0,0,0,0,0,0,0,0,0,0,0,0,0,0,0,0,0,0,0,0,0,0,0,0,0,0,0,0,0,0
"195","130",1,45.4298362873008,-73.9396159092315,2,2.28981666215324,2.51195920219401,3.76573402016014,6.78479096726815,2.93876798691744,3.01716411331068,4.73157594909825,7.36859705668445,118.3,118.3,118.3,118.3,355,355,355,355,20,20,20,20,15,15,15,15,0,0,0,0,5,5,5,5,0,0,0,0,0,0,0,0,0,0,0,0,0,0,0,0,0,0,0,0,0,0,0,0,0,0,0,0,0,0,0,0
"196","130",1,45.4259894768664,-73.9396487612887,2,0.109445043591033,2.85156267524903,3.62353283508457,6.70863940329456,0.549742439745541,6.01715395124616,6.89300201331797,9.05155803704247,118.3,118.3,118.3,118.3,355,355,355,355,20,20,20,20,15,15,15,15,0,0,0,0,5,5,5,5,0,0,0,0,0,0,0,0,0,0,0,0,0,0,0,0,0,0,0,0,0,0,0,0,0,0,0,0,0,0,0,0
"197","130",1,45.4256445928987,-73.942588963033,2,18.6803410025318,17.771891631575,17.352916809547,14.7927929141209,3.07306664467167,3.76796269791238,5.27767265175246,8.65581637265332,118.3,118.3,118.3,118.3,355,355,355,355,20,20,20,20,15,15,15,15,0,0,0,0,5,5,5,5,0,0,0,0,0,0,0,0,0,0,0,0,0,0,0,0,0,0,0,0,0,0,0,0,0,0,0,0,0,0,0,0
"198","130",1,45.4233900844607,-73.940660477507,2,6.53568421345317,4.05278380242496,2.18976659266096,2.35350662974564,6.89491908629341,6.30524057976998,4.69914092532692,5.29465723643425,118.3,118.3,118.3,118.3,355,355,355,355,20,20,20,20,15,15,15,15,0,0,0,0,5,5,5,5,0,0,0,0,0,0,0,0,0,0,0,0,0,0,0,0,0,0,0,0,0,0,0,0,0,0,0,0,0,0,0,0
"199","130",1,45.4253230074519,-73.9397375414027,2,0.342942338522322,0.490692649629502,0.870262303246761,4.1272316656157,1.03868871822148,1.20860018562048,2.71675586127289,7.79835624680254,118.3,118.3,118.3,118.3,355,355,355,355,20,20,20,20,15,15,15,15,0,0,0,0,5,5,5,5,0,0,0,0,0,0,0,0,0,0,0,0,0,0,0,0,0,0,0,0,0,0,0,0,0,0,0,0,0,0,0,0
"200","130",1,45.4241781004274,-73.9404889864923,2,0.804737361458605,0.388086371215862,0.810666388254407,2.95841276360876,2.23508863341221,1.76634176845449,2.99799662134645,5.91765009170951,118.3,118.3,118.3,118.3,355,355,355,355,20,20,20,20,15,15,15,15,0,0,0,0,5,5,5,5,0,0,0,0,0,0,0,0,0,0,0,0,0,0,0,0,0,0,0,0,0,0,0,0,0,0,0,0,0,0,0,0
"201","130",1,45.4254651020598,-73.9392532706483,2,0.55781782000864,0.633381249128556,0.64772837731083,3.48748554290622,1.6971846195497,1.76522065701557,1.99898101679702,6.97742488506471,118.3,118.3,118.3,118.3,355,355,355,355,20,20,20,20,15,15,15,15,0,0,0,0,5,5,5,5,0,0,0,0,0,0,0,0,0,0,0,0,0,0,0,0,0,0,0,0,0,0,0,0,0,0,0,0,0,0,0,0
"202","130",1,45.4264899641784,-73.9414719727642,2,25.3206876410621,23.8674836033685,20.5400078564617,14.3216502987102,2.91919133924491,3.29981346746712,6.02320837215776,9.25979934853824,118.3,118.3,118.3,118.3,355,355,355,355,20,20,20,20,15,15,15,15,0,0,0,0,5,5,5,5,0,0,0,0,0,0,0,0,0,0,0,0,0,0,0,0,0,0,0,0,0,0,0,0,0,0,0,0,0,0,0,0
"203","130",1,45.4316150508974,-73.9416414571678,2,27.2048874037329,25.2715869760302,22.2728887490039,15.350288213377,2.98639968924138,4.24129297524034,6.40059671643541,9.78294810889661,118.3,118.3,118.3,118.3,355,355,355,355,20,20,20,20,15,15,15,15,0,0,0,0,5,5,5,5,0,0,0,0,0,0,0,0,0,0,0,0,0,0,0,0,0,0,0,0,0,0,0,0,0,0,0,0,0,0,0,0
"204","93b",1,45.4329584495803,-73.9387118128227,2,0.0301222371253443,0.0299618157103917,2.04534661204395,5.6253460316289,0.0129093919644508,0.0129410864894707,5.36437565902594,8.55977239283384,118.3,118.3,118.3,118.3,355,355,355,355,20,20,20,20,15,15,15,15,0,0,0,0,5,5,5,5,0,0,0,0,0,0,0,0,0,0,0,0,0,0,0,0,0,0,0,0,0,0,0,0,0,0,0,0,0,0,0,0
"205","93b",1,45.4320863451755,-73.9402316641031,2,13.3084188205499,16.4370587738056,16.7004093172353,13.2255177906422,5.37137171913179,7.59111899946726,8.58748487976897,10.6123112500285,118.3,118.3,118.3,118.3,355,355,355,355,20,20,20,20,15,15,15,15,0,0,0,0,5,5,5,5,0,0,0,0,0,0,0,0,0,0,0,0,0,0,0,0,0,0,0,0,0,0,0,0,0,0,0,0,0,0,0,0
"206","93b",1,45.4318487944605,-73.9394413817935,2,10.4772636487571,11.9014475958581,9.47890191701097,8.85745472345336,7.18152980428133,8.71475051760417,8.90333770462138,10.1512679922016,118.3,118.3,118.3,118.3,355,355,355,355,20,20,20,20,15,15,15,15,0,0,0,0,5,5,5,5,0,0,0,0,0,0,0,0,0,0,0,0,0,0,0,0,0,0,0,0,0,0,0,0,0,0,0,0,0,0,0,0
"207","93b",1,45.4312102226467,-73.9375346603152,2,0.047048850647657,0.0502431363535026,1.00326636361695,2.41902973580881,0.0204314667638201,0.0235733388624085,3.25562497050525,5.04316354862553,118.3,118.3,118.3,118.3,355,355,355,355,20,20,20,20,15,15,15,15,0,0,0,0,5,5,5,5,0,0,0,0,0,0,0,0,0,0,0,0,0,0,0,0,0,0,0,0,0,0,0,0,0,0,0,0,0,0,0,0
"208","93b",1,45.4330792485297,-73.9267831658578,2,5.25279893753791,4.45840093174375,3.32714285681993,3.12328845182137,4.83031384615629,5.37842509153983,4.27067627133156,4.16254646385129,118.3,1288,1198.02307692308,1198.02307692308,355,303.333333333333,307.307692307692,307.307692307692,20,13.3333333333333,13.8461538461538,13.8461538461539,15,10,10.3846153846154,10.3846153846154,0,0,0,0,5,3.33333333333333,3.46153846153846,3.46153846153846,0,0,0,0,0,2025.97982961332,1685.71711355229,1635.38581507939,0,89.489291724392,74.4595915193655,72.2364142763974,0,11.5470053837925,9.60768922830523,9.3208276485674,0,8.66025403784439,7.20576692122892,6.99062073642556,0,0,0,0,0,2.88675134594813,2.40192230707631,2.33020691214185,0,0,0,0
"209","93b",1,45.4337465903677,-73.9333888358431,2,0.0469160376007625,0.0514792876361967,1.42205287753434,2.67530219549569,0.0210554995388711,0.087162110325388,3.60208369201434,5.23982629366303,118.3,118.3,118.3,118.3,355,355,355,355,20,20,20,20,15,15,15,15,0,0,0,0,5,5,5,5,0,0,0,0,0,0,0,0,0,0,0,0,0,0,0,0,0,0,0,0,0,0,0,0,0,0,0,0,0,0,0,0
"210","93b",1,45.4329664789878,-73.9299193948208,2,0.0401170734475441,0.503059739654543,2.51620038481996,2.76837654592698,0.0197238804478836,1.91726247421779,4.86771298866476,4.90835397130973,118.3,118.3,118.3,806.358823529412,355,355,355,324.607843137255,20,20,20,16.078431372549,15,15,15,12.0588235294118,0,0,0,0,5,5,5,4.01960784313725,0,0,0,0,0,0,0,1407.07608837283,0,0,0,62.1517750129061,0,0,0,8.01958387263304,0,0,0,6.01468790447478,0,0,0,0,0,0,0,2.00489596815826,0,0,0,0
"211","93b",1,45.432914368169,-73.9308661933435,2,1.13507379624075,1.92667598760771,3.70119561032593,2.12930695767155,2.54526491136094,4.61679381440928,6.9097427808316,4.74691604234346,118.3,118.3,118.3,324.717647058824,355,355,355,345.882352941176,20,20,20,18.8235294117647,15,15,15,14.1176470588235,0,0,0,0,5,5,5,4.70588235294118,0,0,0,0,0,0,0,833.886418334266,0,0,0,36.8334885987323,0,0,0,4.75270820628803,0,0,0,3.56453115471602,0,0,0,0,0,0,0,1.18817705157201,0,0,0,0
"212","97",1,45.4311042410919,-73.9368803325043,2,0.0664640162511328,0.0670812144541689,0.859833438489958,1.81861714826913,0.0221924243387326,0.0307247420130374,2.80248479243906,4.34104641981493,118.3,118.3,118.3,118.3,355,355,355,355,20,20,20,20,15,15,15,15,0,0,0,0,5,5,5,5,0,0,0,0,0,0,0,0,0,0,0,0,0,0,0,0,0,0,0,0,0,0,0,0,0,0,0,0,0,0,0,0
"213","97",1,45.4321749204584,-73.9407174272701,2,23.5128442409991,21.6017070956311,20.3869160928519,15.3911703816892,3.77350963474902,5.53006683380596,7.30411324629809,10.1601058511979,118.3,118.3,118.3,118.3,355,355,355,355,20,20,20,20,15,15,15,15,0,0,0,0,5,5,5,5,0,0,0,0,0,0,0,0,0,0,0,0,0,0,0,0,0,0,0,0,0,0,0,0,0,0,0,0,0,0,0,0
"214","97",1,45.4313753419331,-73.9408905721995,2,22.9400402929974,21.3732721258273,18.6195558040326,13.0763026446132,3.68838238219405,5.31112415823752,8.72949194337355,10.0500495247108,118.3,118.3,118.3,118.3,355,355,355,355,20,20,20,20,15,15,15,15,0,0,0,0,5,5,5,5,0,0,0,0,0,0,0,0,0,0,0,0,0,0,0,0,0,0,0,0,0,0,0,0,0,0,0,0,0,0,0,0
"215","97",1,45.4322899574496,-73.938427121425,2,0.0335779646971661,0.375994128753616,2.32423664954614,4.64669788095629,0.015112793174602,1.84926654474594,4.85409808066803,7.59345671100993,118.3,118.3,118.3,118.3,355,355,355,355,20,20,20,20,15,15,15,15,0,0,0,0,5,5,5,5,0,0,0,0,0,0,0,0,0,0,0,0,0,0,0,0,0,0,0,0,0,0,0,0,0,0,0,0,0,0,0,0
"216","97",1,45.4326998708869,-73.9400030696304,2,20.3740617555702,14.9907137395893,12.4255008722406,12.2146337534603,8.6786788631932,7.42702618031213,9.11121620654508,11.1104404760157,118.3,118.3,118.3,118.3,355,355,355,355,20,20,20,20,15,15,15,15,0,0,0,0,5,5,5,5,0,0,0,0,0,0,0,0,0,0,0,0,0,0,0,0,0,0,0,0,0,0,0,0,0,0,0,0,0,0,0,0
"217","97",1,45.4320322717305,-73.9387656886399,2,3.02526551539855,3.80193577004539,5.17278736148966,6.05465287910883,4.57804475530627,4.84996660063092,7.80994532821779,8.67537271172679,118.3,118.3,118.3,118.3,355,355,355,355,20,20,20,20,15,15,15,15,0,0,0,0,5,5,5,5,0,0,0,0,0,0,0,0,0,0,0,0,0,0,0,0,0,0,0,0,0,0,0,0,0,0,0,0,0,0,0,0
"218","97",1,45.4283526823622,-73.9374435745355,2,8.60308915812795,7.92662954415447,6.66806204549627,5.73837047673756,4.16825428932341,4.72046004650969,6.07365835555822,6.4685889568848,118.3,118.3,118.3,118.3,355,355,355,355,20,20,20,20,15,15,15,15,0,0,0,0,5,5,5,5,0,0,0,0,0,0,0,0,0,0,0,0,0,0,0,0,0,0,0,0,0,0,0,0,0,0,0,0,0,0,0,0
"219","97",1,45.4309000386553,-73.9384727945013,2,4.1685924675925,4.12734155422776,3.04559619366306,4.12860605501307,3.07131354026807,5.76753145933379,5.49590662042834,6.55685138524844,118.3,118.3,118.3,118.3,355,355,355,355,20,20,20,20,15,15,15,15,0,0,0,0,5,5,5,5,0,0,0,0,0,0,0,0,0,0,0,0,0,0,0,0,0,0,0,0,0,0,0,0,0,0,0,0,0,0,0,0
"220","97",1,45.4296432210592,-73.9357996701619,2,0.0401984450167979,0.0490819825633108,1.1899111608986,2.36389896489838,0.0174876169892489,0.115664550941249,3.12943509136049,4.59815876078952,118.3,118.3,118.3,118.3,355,355,355,355,20,20,20,20,15,15,15,15,0,0,0,0,5,5,5,5,0,0,0,0,0,0,0,0,0,0,0,0,0,0,0,0,0,0,0,0,0,0,0,0,0,0,0,0,0,0,0,0
"221","97",1,45.4294447409899,-73.9379468797805,2,1.57572445769341,5.15189680753267,4.1885338640839,3.65649707389382,3.04013112434756,5.98884687896219,5.0977877694273,5.25830583674542,118.3,118.3,118.3,118.3,355,355,355,355,20,20,20,20,15,15,15,15,0,0,0,0,5,5,5,5,0,0,0,0,0,0,0,0,0,0,0,0,0,0,0,0,0,0,0,0,0,0,0,0,0,0,0,0,0,0,0,0
"222","98",3,45.4148658522498,-73.9275637629749,2,2.1230478315907,3.07185737420461,4.45593414714605,5.85661148414455,4.4879600331377,4.68555868019365,5.10932499035993,6.17468792897436,201.7,201.7,201.7,417.062745098039,155,155,155,160.392156862745,0,0,0,0,40,40,40,31.3725490196078,0,0,0,0,40,40,40,31.3725490196078,0,0,0,0,0,0,0,414.767116324708,0,0,0,10.3847550406787,0,0,0,0,0,0,0,16.6156080650859,0,0,0,0,0,0,0,16.6156080650859,0,0,0,0
"223","98",3,45.414227041548,-73.9274602908805,2,8.4821195215531,8.44203574106234,6.86665716968503,6.46008961881804,3.40719279589194,5.19731452529623,6.3169313522476,6.68846358250493,201.7,451.325,617.741666666667,632.425490196078,155,161.25,165.416666666667,165.78431372549,0,0,0,0,40,30,23.3333333333333,22.7450980392157,0,0,0,0,40,30,23.3333333333333,22.7450980392157,0,0,0,0,0,499.25,514.156257568621,499.445745939691,0,12.5,12.8732162636109,12.5049009999923,0,0,0,0,0,20,20.5971460217775,20.0078415999876,0,0,0,0,0,20,20.5971460217775,20.0078415999876,0,0,0,0
"224","98",3,45.4136722537694,-73.9287572972643,2,11.3301116078411,9.7669856791495,8.41452608544588,6.4854232531129,5.8106089013586,6.00736955583028,6.86298638364939,6.65568320870317,201.7,201.7,534.533333333333,521.97358490566,155,155,163.333333333333,163.018867924528,0,0,0,0,40,40,26.6666666666667,27.1698113207547,0,0,0,0,40,40,26.6666666666667,27.1698113207547,0,0,0,0,0,0,491.627414971455,470.526592950324,0,0,12.3091490979333,11.7808360778749,0,0,0,0,0,0,19.6946385566932,18.8493377245999,0,0,0,0,0,0,19.6946385566932,18.8493377245999,0,0,0,0
"225","98",3,45.4115748823936,-73.9268353022237,2,10.0518068018587,11.5232783391151,8.67793739906739,7.9774819221971,8.13162716132048,8.99306327893231,7.88754008930735,7.40698991973327,1200.2,1200.2,1200.2,1200.2,180,180,180,180,0,0,0,0,0,0,0,0,0,0,0,0,0,0,0,0,0,0,0,0,0,0,0,0,0,0,0,0,0,0,0,0,0,0,0,0,0,0,0,0,0,0,0,0,0,0,0,0
"226","98",3,45.4133505250345,-73.9300891921559,2,14.0763863599938,9.86706387283682,7.52684194725855,5.79779853307489,7.3071096746701,7.42950800730736,6.90388472316381,6.54144350902836,201.7,201.7,201.7,338.749019607843,155,155,155,158.43137254902,0,0,0,0,40,40,40,34.5098039215686,0,0,0,0,40,40,40,34.5098039215686,0,0,0,0,0,0,0,347.019066549692,0,0,0,8.68850942788413,0,0,0,0,0,0,0,13.9016150846146,0,0,0,0,0,0,0,13.9016150846146,0,0,0,0
"227","98",3,45.4130977659841,-73.9266749443031,2,7.28471707981939,6.89332553551089,7.9216195974096,8.22682080243624,6.49924317548615,6.80208925771032,7.39843204528774,7.30037431556321,1200.2,1200.2,1200.2,1048.02115384615,180,180,180,176.057692307692,0,0,0,0.0961538461538461,0,0,0,6.15384615384615,0,0,0,0,0,0,0,6.15384615384615,0,0,0,0,0,0,0,364.540033217547,0,0,0,9.09301274851442,0,0,0,0.693375245281537,0,0,0,14.5728522991462,0,0,0,0,0,0,0,14.5728522991462,0,0,0,0
"228","99",2,45.4292413815875,-73.9407228869421,2,18.2283253230515,13.6696331721283,9.03304948385742,8.47215106295661,4.37185979252121,7.01590013540182,7.7947211564404,8.63051127194583,118.3,118.3,118.3,118.3,355,355,355,355,20,20,20,20,15,15,15,15,0,0,0,0,5,5,5,5,0,0,0,0,0,0,0,0,0,0,0,0,0,0,0,0,0,0,0,0,0,0,0,0,0,0,0,0,0,0,0,0
"229","99",2,45.4292326732198,-73.9382792990484,2,4.1944573393174,2.32046332696229,4.33673672018608,4.98445384579956,5.12618641060885,3.64390895477219,4.95277008256055,6.14908269189205,118.3,118.3,118.3,118.3,355,355,355,355,20,20,20,20,15,15,15,15,0,0,0,0,5,5,5,5,0,0,0,0,0,0,0,0,0,0,0,0,0,0,0,0,0,0,0,0,0,0,0,0,0,0,0,0,0,0,0,0
"230","99",2,45.429565881585,-73.9384458451852,2,1.94449305910876,2.55916553958963,3.71115007698928,4.46501438034806,2.52558880615326,3.50765933531537,4.74010052029188,5.81360285061387,118.3,118.3,118.3,118.3,355,355,355,355,20,20,20,20,15,15,15,15,0,0,0,0,5,5,5,5,0,0,0,0,0,0,0,0,0,0,0,0,0,0,0,0,0,0,0,0,0,0,0,0,0,0,0,0,0,0,0,0
"231","99",2,45.4311105256826,-73.9388640683212,2,9.2741057677228,6.38337218723517,4.31765924991647,5.57923878275476,8.9076991090811,7.05529935011478,6.73158912247798,7.97898271077921,118.3,118.3,118.3,118.3,355,355,355,355,20,20,20,20,15,15,15,15,0,0,0,0,5,5,5,5,0,0,0,0,0,0,0,0,0,0,0,0,0,0,0,0,0,0,0,0,0,0,0,0,0,0,0,0,0,0,0,0
"232","99",2,45.430116857882,-73.9366116612003,2,0.071048829803156,0.0555388169987186,1.05583333188883,2.11615178866941,0.0205655577628457,0.0252568820478456,3.3194484091296,4.09548991781454,118.3,118.3,118.3,118.3,355,355,355,355,20,20,20,20,15,15,15,15,0,0,0,0,5,5,5,5,0,0,0,0,0,0,0,0,0,0,0,0,0,0,0,0,0,0,0,0,0,0,0,0,0,0,0,0,0,0,0,0
"233","99",2,45.4301495831879,-73.938191728885,2,5.52320113608505,3.46108603374276,2.70609504227886,2.980662874279,5.38056742878255,5.02511861206821,4.20500123119482,4.91964776898773,118.3,118.3,118.3,118.3,355,355,355,355,20,20,20,20,15,15,15,15,0,0,0,0,5,5,5,5,0,0,0,0,0,0,0,0,0,0,0,0,0,0,0,0,0,0,0,0,0,0,0,0,0,0,0,0,0,0,0,0
