"","ID","Date","Site","Lat","Lon","Type","randist","randang","randLat","randLon"
"1","206","2022-10-16",1,45.43182,-73.94016,"random",54.2997492710128,148.79777460359,-73.939800517669,45.4314021041348
"2","206","2022-10-18",1,45.43274,-73.93947,"random",226.797824841924,306.32750001736,-73.9418050763638,45.4339488542838
"3","206","2022-10-19",1,45.43177,-73.93979,"random",8.50742412731051,201.207970278338,-73.9398293290524,45.4316986374717
"4","206","2022-10-20",1,45.43274,-73.9394,"random",69.1944700665772,34.0055668260902,-73.9389054510556,45.4332561131304
"5","206","2022-10-21",1,45.43288,-73.93983,"random",30.6803468149155,117.818758953363,-73.9394832370593,45.432751173144
"6","206","2022-10-23",1,45.43272,-73.94019,"random",263.935910677537,197.38834454678,-73.9411979502538,45.4304537200365
"7","206","2022-10-24",1,45.4329,-73.93967,"random",188.423535134643,339.658383401111,-73.940507064735,45.4344896353887
"8","206","2022-10-25",1,45.43278,-73.93943,"random",213.997080666013,261.058302121237,-73.9421315019216,45.4324806936497
"9","206","2022-10-26",1,45.43155,-73.93923,"random",145.178550551645,291.923422124237,-73.9409511024658,45.4320377032572
"10","206","2022-10-28",1,45.43321,-73.93961,"random",290.179246198386,137.102862931788,-73.9370858757763,45.4312972657398
"11","206","2022-10-29",1,45.43268,-73.93939,"random",183.525271341205,201.678956709802,-73.9402563566561,45.4311455007317
"12","206","2022-10-30",1,45.43232,-73.94023,"random",227.498423843645,128.464792119339,-73.9379536887175,45.4310467058215
"13","206","2022-11-02",1,45.43353,-73.93987,"random",133.167056925595,353.177984347567,-73.9400721553106,45.4347197057327
"14","206","2022-11-04",1,45.43272,-73.93943,"random",5.98036595620215,19.3801774363965,-73.9394046393933,45.4327707602247
"15","206","2022-11-07",1,45.43207,-73.93905,"random",98.6460212152451,242.261960618198,-73.940165747409,45.4316568876139
"16","206","2022-11-08",1,45.43142,-73.93887,"random",270.393750281073,277.894558534026,-73.9422926553472,45.4317541095941
"17","206","2022-11-09",1,45.43285,-73.93948,"random",74.792238813825,93.3821725286543,-73.9385258652712,45.4328102945901
"18","206","2022-11-10",1,45.43096,-73.93881,"random",161.785372789018,254.309614961967,-73.9408003985239,45.430566308197
"19","206","2022-11-15",1,45.43198,-73.93894,"random",49.3126024492085,292.873612018302,-73.9395206235306,45.4321524634621
"20","206","2022-11-17",1,45.43178,-73.93883,"random",276.179608795792,326.161179570481,-73.9407954168471,45.4338440134155
"21","206","2022-11-22",1,45.43158,-73.93925,"random",149.132782872766,319.801580356434,-73.9404800858388,45.432604911994
"22","206","2022-12-02",1,45.43289,-73.93945,"random",114.558151178062,40.1432759407908,-73.9385061534406,45.4336779395019
"23","206","2022-12-08",1,45.43084,-73.93859,"random",251.007328578271,12.0708145480603,-73.937919196924,45.4330485372128
"24","206","2022-12-15",1,45.43238,-73.93919,"random",144.233006285504,196.48396929726,-73.9397129900926,45.4311355805816
"25","206","2022-12-21",1,45.43,-73.93842,"random",6.77031478844583,57.834346415475,-73.9383467628935,45.4300324302385
"26","206","2023-01-04",1,45.43253,-73.94022,"random",225.297336839139,127.044528415427,-73.9379220060386,45.4313087527474
"27","206","2023-01-12",1,45.43294,-73.94007,"random",270.417746482417,180.053055938333,-73.9400731999198,45.4305068786327
"28","206","2023-01-19",1,45.43309,-73.93984,"random",14.3610142869875,202.825047103688,-73.9399111929779,45.432970903098
"29","206","2023-01-25",1,45.42996,-73.93822,"random",91.3113248068839,160.8396706637,-73.9378370320061,45.4291839250843
"30","206","2023-02-08",1,45.4315,-73.93868,"random",56.8658221280202,320.334662022069,-73.9391438536,45.4318938664399
"31","206","2023-02-16",1,45.42912,-73.93904,"random",67.2251273179427,268.683231091127,-73.9398988133636,45.4291060969474
"32","206","2023-03-03",1,45.43018,-73.93834,"random",169.219747348689,78.7367110792547,-73.9362192117394,45.4304773671427
"33","206","2023-03-09",1,45.43018,-73.93822,"random",201.391441072337,300.541916079819,-73.9404365179347,45.4311008046877
"34","206","2023-03-15",1,45.43,-73.93803,"random",172.165995743126,66.2970053683966,-73.9360155041428,45.4306227090879
"35","206","2023-03-19",1,45.4301,-73.93834,"random",298.038384807296,348.943297164515,-73.9390704424792,45.4327318638559
"36","206","2023-03-21",1,45.4333,-73.93993,"random",112.860625935718,185.775992441922,-73.9400751499421,45.4322896760749
"37","206","2023-03-24",1,45.43008,-73.93829,"random",173.649961967021,298.987421644852,-73.9402310732446,45.4308371697964
"38","206","2023-03-27",1,45.4333,-73.93986,"random",105.613289005123,270.897934762761,-73.9412095201451,45.4333148839788
"39","206","2023-03-29",1,45.43075,-73.93958,"random",19.1933107562363,171.328661162406,-73.9395430216606,45.4305792793969
"40","206","2023-04-03",1,45.43034,-73.93778,"random",293.86607373599,27.605917705223,-73.9360397841593,45.4326830730361
"41","207","2022-10-10",1,45.42953,-73.93798,"random",156.590781686828,205.019280156121,-73.9388262584831,45.4282532561367
"42","207","2022-10-11",1,45.42932,-73.94029,"random",215.702593233436,230.99624119699,-73.9424319484846,45.4280984858796
"43","207","2022-10-12",1,45.43099,-73.93957,"random",288.579884986393,79.7832923568785,-73.9359406862526,45.4314504949656
"44","207","2022-10-13",1,45.42967,-73.93741,"random",214.460339164361,83.8477205391973,-73.9346852526414,45.4298767693633
"45","207","2022-10-14",1,45.42941,-73.93762,"random",41.0568798193708,53.2786114700139,-73.937199463402,45.4296308816509
"46","207","2022-10-15",1,45.42946,-73.93856,"random",270.858524367213,215.2803037595,-73.9405590411796,45.4274704979339
"47","207","2022-10-16",1,45.42977,-73.9384,"random",32.4287435039878,30.6396345701069,-73.9381888069086,45.4300210463379
"48","207","2022-10-17",1,45.42973,-73.93833,"random",108.183115278371,307.065246636048,-73.9394331285501,45.4303166823087
"49","207","2022-10-18",1,45.43016,-73.93781,"random",266.415853472427,349.696210334077,-73.9384189743847,45.4325184555724
"50","207","2022-10-19",1,45.42994,-73.93819,"random",220.714044081978,245.759967109188,-73.9407617426354,45.4291246366023
"51","207","2022-10-20",1,45.43066,-73.93932,"random",267.074177227914,6.92624134942889,-73.9389084139039,45.4330455005164
"52","207","2022-10-21",1,45.43078,-73.93946,"random",2.63802325353026,138.53621698916,-73.9394376783,45.4307622128496
"53","207","2022-10-22",1,45.42906,-73.93781,"random",102.628995291889,166.392081705853,-73.9375014517161,45.4281625017696
"54","207","2022-10-23",1,45.43128,-73.93857,"random",89.0808358322829,280.540314652026,-73.9396891629293,45.4314266139911
"55","207","2022-10-24",1,45.42991,-73.9396,"random",261.504908767529,190.520550962538,-73.9402101306091,45.4275966232277
"56","207","2022-10-25",1,45.43136,-73.93898,"random",284.170039789751,83.3848327863961,-73.9353727302068,45.4316544936789
"57","207","2022-10-26",1,45.43103,-73.93878,"random",62.4718363629654,233.737484626472,-73.939423699697,45.4306975243898
"58","207","2022-10-28",1,45.43058,-73.93991,"random",270.089584286325,157.064473796636,-73.9385650419681,45.4283419410804
"59","207","2022-10-30",1,45.43005,-73.93963,"random",258.809051080607,245.624507172033,-73.9426424021666,45.4290888825662
"60","207","2022-10-31",1,45.42997,-73.93826,"random",52.6383735705167,238.326658168808,-73.9388324623463,45.4297213114278
"61","207","2022-11-01",1,45.43069,-73.93897,"random",119.015480275266,12.5276207271963,-73.938640097564,45.4317353629652
"62","207","2022-11-02",1,45.4311,-73.94022,"random",245.037837442942,236.932250624523,-73.9428440889748,45.4298969839906
"63","207","2022-11-04",1,45.43084,-73.93896,"random",72.2822388634086,346.594389416277,-73.9391741538534,45.4314726491519
"64","207","2022-11-07",1,45.43081,-73.93945,"random",120.885427272879,276.707045696676,-73.9409842193364,45.4309370234423
"65","207","2022-11-08",1,45.42901,-73.93857,"random",299.242896633223,356.392739089206,-73.9388105988567,45.4316971467797
"66","207","2022-11-09",1,45.42941,-73.93893,"random",35.7583899283782,23.2571356371045,-73.9387495712819,45.4297055971697
"67","207","2022-11-10",1,45.43107,-73.93913,"random",30.5725585436448,345.517195165157,-73.9392277070957,45.4313363396375
"68","207","2022-11-15",1,45.43124,-73.93878,"random",83.9282997418195,4.85641258768737,-73.9386892001309,45.4319924458554
"69","207","2022-11-17",1,45.43108,-73.93841,"random",23.1122653232887,65.6520414724946,-73.9381409168902,45.4311657351529
"70","207","2022-11-22",1,45.42963,-73.93838,"random",155.955033120699,72.0722678303719,-73.936483850766,45.430061922
"71","207","2022-12-02",1,45.42915,-73.93851,"random",44.594844407402,282.929450171068,-73.9390654111372,45.4292397784895
"72","207","2022-12-08",1,45.43079,-73.93866,"random",237.134590814821,148.85976950638,-73.9370929634184,45.428963786592
"73","207","2022-12-15",1,45.42986,-73.9396,"random",155.855643097311,167.504008887336,-73.9391690773357,45.4284908847684
"74","207","2022-12-21",1,45.42985,-73.93866,"random",113.345966488123,93.9693188946694,-73.9372150591012,45.4297793947304
"75","207","2023-01-04",1,45.42969,-73.93879,"random",47.8302353527397,316.737313633785,-73.9392088900386,45.4300033953261
"76","207","2023-01-12",1,45.42998,-73.93845,"random",87.0272564934567,275.805367911234,-73.9395563978878,45.4300591987946
"77","207","2023-01-19",1,45.42908,-73.93878,"random",196.376611408778,51.4859678875655,-73.9368164606662,45.4301802598824
"78","207","2023-01-25",1,45.43,-73.93841,"random",251.148866233416,354.496162589639,-73.9387178307747,45.4322493297801
"79","207","2023-02-08",1,45.43111,-73.93826,"random",164.059911109507,354.134082309902,-73.938474271963,45.4325784228701
"80","207","2023-02-16",1,45.42923,-73.93922,"random",112.121944036335,155.80659580417,-73.9386328386857,45.428309773309
"81","207","2023-03-01",1,45.43018,-73.93834,"random",173.618866922334,349.392733052373,-73.9387484096533,45.4317154659201
"82","207","2023-03-03",1,45.42938,-73.93833,"random",87.2675807448104,117.241243058816,-73.9373385325604,45.4290205784617
"83","208","2022-10-08",1,45.43113,-73.93878,"random",47.024236083962,132.666970258579,-73.9383381399903,45.4308432441033
"84","208","2022-10-09",1,45.43044,-73.93912,"random",48.3881631167606,33.7991525698453,-73.9387760224942,45.4308017966782
"85","208","2022-10-10",1,45.42975,-73.93842,"random",209.328630007803,54.9377963785082,-73.9362304356106,45.4308319644115
"86","208","2022-10-11",1,45.43002,-73.93935,"random",26.6968481708318,58.7824092339724,-73.9390582437709,45.4301444973415
"87","208","2022-10-13",1,45.42995,-73.93961,"random",224.296775716357,142.601460395381,-73.9378692271612,45.428346712962
"88","208","2022-10-14",1,45.43019,-73.93933,"random",92.9219307610765,250.480319196358,-73.94044918003,45.4299106350365
"89","208","2022-10-15",1,45.4311,-73.939,"random",249.87957472913,119.599346006289,-73.9362235537942,45.4299894453728
"90","208","2022-10-16",1,45.43052,-73.9399,"random",152.63840588741,223.680702606216,-73.9412471002875,45.4295267593407
"91","208","2022-10-17",1,45.43003,-73.93834,"random",162.303065671586,168.430542284623,-73.9379240513262,45.4285993244106
"92","208","2022-10-18",1,45.43006,-73.93971,"random",219.190249918029,176.539391130209,-73.939540932119,45.4280913995188
"93","208","2022-10-19",1,45.42961,-73.93957,"random",279.199443385005,343.29189106822,-73.9405957715427,45.4320160749037
"94","208","2022-10-20",1,45.43072,-73.93967,"random",39.2447238788009,93.1907867733389,-73.9391692723566,45.4307003444582
"95","208","2022-10-21",1,45.43015,-73.93908,"random",74.1027845302597,280.452329730615,-73.9400112327875,45.4302709563578
"96","208","2022-10-23",1,45.42977,-73.93909,"random",292.396431765519,206.06370032765,-73.940731615458,45.4274066523958
"97","208","2022-10-24",1,45.42991,-73.93958,"random",11.4176931325346,291.752146817744,-73.9397155148428,45.4299480717356
"98","208","2022-10-25",1,45.42976,-73.93961,"random",119.461905607022,153.733441606164,-73.938934431839,45.4287961083859
"99","208","2022-10-26",1,45.43055,-73.93911,"random",31.4788949210197,177.241300167516,-73.9390906391579,45.4302670923116
"100","208","2022-10-28",1,45.4295,-73.93891,"random",114.633340970613,271.371478596702,-73.9403744400248,45.4295246774135
"101","208","2022-10-29",1,45.43095,-73.93896,"random",222.374399914406,153.07169906795,-73.9376730976216,45.4291660905002
"102","208","2022-10-30",1,45.43018,-73.93961,"random",294.472046848387,60.1982771325856,-73.9363445792523,45.4314967822228
"103","208","2022-10-31",1,45.43021,-73.93816,"random",116.58555760514,180.502588804811,-73.9381730680758,45.4291610447255
"104","208","2022-11-01",1,45.42987,-73.93958,"random",297.18950050883,300.060699535534,-73.9428669729082,45.4312094081145
"105","208","2022-11-02",1,45.43073,-73.93993,"random",158.214022312313,257.413442507386,-73.9419032060933,45.4304197703099
"106","208","2022-11-04",1,45.42952,-73.93956,"random",124.4805641938,266.142578003928,-73.9411470880279,45.429444640081
"107","208","2022-11-07",1,45.42946,-73.93964,"random",81.5559140173718,342.773660458624,-73.9399486405601,45.4301608937784
"108","208","2022-11-08",1,45.43014,-73.93958,"random",69.0186218591407,101.246406091377,-73.9387149633633,45.430018882841
"109","208","2022-11-09",1,45.43006,-73.9388,"random",64.2689119325951,118.123796274886,-73.93807569293,45.429787414334
"110","208","2022-11-10",1,45.43003,-73.93882,"random",58.6864493787289,66.4236222300678,-73.93813265623,45.4302411986749
"111","209","2022-10-15",1,45.42869,-73.93789,"random",57.6602363493294,33.7560291029513,-73.9374805831133,45.4291213407675
"112","209","2022-10-16",1,45.42899,-73.93848,"random",266.037404746749,259.877630760893,-73.941826627176,45.4285692537003
"113","209","2022-10-18",1,45.43095,-73.9389,"random",187.761076935567,275.255180038512,-73.9412893150436,45.4311047106176
"114","209","2022-10-25",1,45.43033,-73.93957,"random",291.185604943894,53.616415662691,-73.9365742652492,45.4318841047342
"115","209","2022-10-26",1,45.43154,-73.93918,"random",143.136349855922,267.340344674885,-73.9410071825171,45.4314802233383
"116","209","2022-10-30",1,45.43615,-73.93909,"random",273.601846047677,211.041365694255,-73.9408930155374,45.4340407526665
"117","209","2022-11-02",1,45.43686,-73.93851,"random",100.288523873314,49.4236022047698,-73.9375364744915,45.4374469458654
"118","209","2022-11-04",1,45.43709,-73.93826,"random",167.925224150531,85.3456201963127,-73.9361209278202,45.4372125842767
"119","209","2022-11-09",1,45.43651,-73.93349,"random",234.275822318159,298.041847664863,-73.9361326511704,45.4375009409415
"120","209","2022-11-17",1,45.43467,-73.93354,"random",52.1071325987577,13.7493359204382,-73.9333817265621,45.4351254062936
"121","209","2022-11-22",1,45.43437,-73.93311,"random",83.1616685958579,133.204948380589,-73.9323353329023,45.433857731931
"122","209","2022-12-02",1,45.43349,-73.9322,"random",268.475392484106,353.045171834528,-73.932615465637,45.4358878692923
"123","209","2022-12-21",1,45.43516,-73.93365,"random",158.061428926885,303.169092535973,-73.9353408945681,45.4359380785581
"124","209","2023-01-12",1,45.43294,-73.94007,"random",56.3027421478182,118.107634205371,-73.9394353429226,45.4327013278969
"125","209","2023-01-19",1,45.43298,-73.93992,"random",226.866935449652,6.80444902740419,-73.9395764837415,45.4350068883689
"126","209","2023-01-25",1,45.4308,-73.93883,"random",215.519271790981,66.6790230944753,-73.9363008642192,45.4315676522823
"127","209","2023-03-01",1,45.43595,-73.94028,"random",39.4288724055514,75.4823190718889,-73.9397921837079,45.4360389314226
"128","210","2022-10-16",1,45.43118,-73.93872,"random",262.575839250349,200.033221822232,-73.9398694191503,45.428960378773
"129","210","2022-10-17",1,45.43102,-73.9385,"random",95.5462901853025,80.1823975145817,-73.9372968924179,45.4311665815831
"130","210","2022-10-18",1,45.43147,-73.93874,"random",102.035518549383,316.141439527273,-73.9396434721808,45.4321319796523
"131","210","2022-10-19",1,45.43096,-73.93864,"random",36.4895726088434,3.68777378462255,-73.9386100077458,45.4312876403563
"132","210","2022-10-20",1,45.43111,-73.93842,"random",197.678799019195,156.045029181987,-73.9373943699452,45.4294845554156
"133","210","2022-10-21",1,45.43126,-73.93853,"random",11.0451778862625,335.203826157376,-73.9385891958649,45.4313502182183
"134","210","2022-10-23",1,45.43094,-73.93839,"random",62.7673560054973,327.028723815456,-73.9388265225775,45.431413799499
"135","210","2022-10-24",1,45.43108,-73.93877,"random",8.8200299302116,226.18497563526,-73.93885132992,45.4310250568224
"136","210","2022-10-25",1,45.431,-73.93854,"random",79.810684081167,28.9984840806574,-73.9380455609824,45.4316280796495
"137","210","2022-10-26",1,45.43101,-73.93877,"random",266.508387029171,2.04581544734538,-73.9386484157677,45.43340641867
"138","210","2022-10-27",1,45.43096,-73.93889,"random",106.352174305357,300.769697567448,-73.940057766289,45.4314495428004
"139","210","2022-10-28",1,45.43107,-73.93836,"random",74.9153367709368,291.156424088404,-73.9392528207314,45.4313132756953
"140","210","2022-10-29",1,45.43087,-73.93895,"random",131.562230293639,203.992286799476,-73.9396335972126,45.4297885234354
"141","210","2022-10-30",1,45.43093,-73.93834,"random",249.924797192216,188.581358604133,-73.9388165370469,45.42870643872
"142","210","2022-10-31",1,45.43099,-73.93839,"random",25.0563473207876,123.167228652164,-73.938121972891,45.4308666605142
"143","210","2022-11-01",1,45.4309,-73.93829,"random",74.1477755829692,217.994646979496,-73.938873283583,45.4303742345406
"144","210","2022-11-02",1,45.43073,-73.93993,"random",52.1926107583568,190.061027035117,-73.940046515925,45.4302676109077
"145","210","2022-11-04",1,45.43113,-73.93845,"random",71.4615293545648,108.338464200497,-73.9375831728842,45.4309276943608
"146","210","2022-11-07",1,45.43085,-73.93879,"random",179.373025568202,22.7738571446389,-73.9379026779927,45.4323381085381
"147","210","2022-11-08",1,45.4314,-73.93875,"random",245.614546118304,154.168218970299,-73.9373824092113,45.4294108638493
"148","210","2022-11-09",1,45.43105,-73.93873,"random",97.7317546494305,208.703709645197,-73.9393298205102,45.4302787023541
"149","210","2022-11-13",1,45.42992,-73.9392,"random",17.4514720682055,119.136676853523,-73.9390052116563,45.4298435465853
"150","210","2022-11-15",1,45.43091,-73.93854,"random",265.784828318283,128.08936801739,-73.9358668913002,45.429434715094
"151","210","2022-11-17",1,45.43108,-73.93841,"random",41.0113352816552,202.438760306686,-73.9386100394288,45.4307389325352
"152","210","2023-03-21",1,45.43189,-73.94028,"random",56.3037501415238,99.771650377661,-73.9395709236905,45.4318040165049
"153","211","2022-10-27",1,45.4319,-73.9398,"random",70.9629856282845,209.869842259213,-73.9402516350375,45.4313463183925
"154","211","2022-10-30",1,45.43646,-73.93318,"random",267.882979195565,89.3408208992332,-73.9297566220106,45.4364876783729
"155","211","2022-11-04",1,45.43892,-73.94099,"random",55.698801856488,208.946222914383,-73.9413345360467,45.4384814495485
"156","211","2022-11-09",1,45.43864,-73.94041,"random",204.757577273995,50.1706010196358,-73.9384002604431,45.4398200037883
"157","211","2022-11-15",1,45.4386,-73.9389,"random",156.054643867537,226.34519345127,-73.9403430108705,45.4376307084061
"158","211","2022-12-02",1,45.43616,-73.939,"random",75.9067673468962,332.915330976248,-73.939441697719,45.4367680812009
"159","211","2022-12-21",1,45.43524,-73.93385,"random",117.077182210051,54.0035673044622,-73.9326394486817,45.4358591240934
"160","211","2023-01-25",1,45.43872,-73.93103,"random",214.194618724287,29.213256938383,-73.9296938607612,45.4404021085246
"161","211","2023-02-16",1,45.43879,-73.9309,"random",105.578850139864,195.861824713647,-73.93126880336,45.4378762106979
"162","211","2023-03-21",1,45.43667,-73.93143,"random",48.5033280216157,341.064592245966,-73.9316311555337,45.4370827984596
"163","212","2022-10-25",1,45.43138,-73.93897,"random",292.381872888654,207.309499830008,-73.9406841636294,45.4290424587893
"164","212","2022-10-29",1,45.43096,-73.93872,"random",238.766631251201,270.389058943838,-73.9417711236616,45.4309745471204
"165","212","2022-11-01",1,45.43166,-73.93885,"random",202.644108678214,54.8860558960587,-73.9367316293265,45.4327087615174
"166","212","2022-11-02",1,45.43189,-73.93936,"random",263.788273301907,96.3540847599506,-73.9360097242716,45.4316272726591
"167","212","2022-11-04",1,45.43073,-73.94035,"random",272.291121678427,118.440009523183,-73.9372904050377,45.4295631850424
"168","212","2022-11-09",1,45.43112,-73.93838,"random",125.881766737439,240.869052261114,-73.9397851526045,45.4305686142627
"169","212","2022-11-15",1,45.43116,-73.93906,"random",94.1376426955685,317.226304225624,-73.9398769627065,45.4317817428628
"170","212","2022-11-17",1,45.43129,-73.9385,"random",178.807709435932,7.49428594484925,-73.9382019661182,45.4328851045057
"171","212","2022-11-22",1,45.43101,-73.93831,"random",207.62701719068,25.9746609628201,-73.9371479062831,45.4326894416043
"172","212","2022-12-02",1,45.4306,-73.93928,"random",69.1607560962439,316.121167894453,-73.9398925967367,45.4310485451035
"173","212","2022-12-08",1,45.43064,-73.94015,"random",178.369933809154,145.734951412305,-73.9388666932561,45.4293136283131
"174","212","2022-12-15",1,45.42986,-73.9396,"random",84.7216570051387,344.015980968252,-73.939898128238,45.4305928236013
"175","212","2022-12-21",1,45.43126,-73.93855,"random",225.533546763472,351.001374917105,-73.9390008079204,45.4332642932457
"176","212","2023-01-04",1,45.43055,-73.93966,"random",188.603520020843,129.365659793839,-73.9377967208128,45.4294736410618
"177","212","2023-01-19",1,45.43112,-73.93848,"random",11.9216250255704,118.785770991817,-73.9383464795567,45.4310683472173
"178","212","2023-01-25",1,45.42996,-73.93822,"random",147.407319000922,56.9393554609269,-73.9366412784255,45.4306835310317
"179","212","2023-02-08",1,45.4315,-73.93868,"random",31.5602604299784,257.774457028136,-73.9390741647915,45.4314398661146
"180","212","2023-02-16",1,45.42923,-73.93922,"random",87.4058428918943,220.548587478697,-73.9399460958392,45.4286324120607
"181","212","2023-02-22",1,45.43013,-73.93824,"random",282.73516385816,298.806297183037,-73.9414059847405,45.4313557586669
"182","212","2023-03-03",1,45.42983,-73.93833,"random",28.4910029964522,38.7077704165131,-73.938102323193,45.4300300428997
"183","212","2023-03-12",1,45.43016,-73.93791,"random",215.587016637437,338.106358190998,-73.9389373088987,45.4319598694976
"184","212","2023-03-15",1,45.43023,-73.93995,"random",80.1463323645294,224.997077398002,-73.9406741575627,45.4297200569642
"185","212","2023-03-19",1,45.43007,-73.93894,"random",251.146085746586,188.117172075436,-73.9393931342472,45.4278329144246
"186","212","2023-03-27",1,45.43161,-73.93625,"random",203.420614264905,56.8630438484251,-73.9340731967412,45.4326105017184
"187","212","2023-03-29",1,45.43137,-73.93613,"random",236.670110374689,98.4794601425529,-73.9331386534796,45.431055959646
"188","212","2023-04-03",1,45.43137,-73.93654,"random",79.937616828829,194.813155336305,-73.9368011686327,45.4306746539438
"189","213","2022-10-24",1,45.431,-73.93875,"random",10.803110897541,209.187547797337,-73.938817324099,45.4309151394234
"190","213","2022-10-25",1,45.43097,-73.93854,"random",266.694081248716,134.167513651773,-73.9360954380867,45.4292980189802
"191","213","2022-10-26",1,45.43172,-73.93973,"random",276.069070701487,108.755409568548,-73.9363894532855,45.4309212827084
"192","213","2022-10-27",1,45.43111,-73.93902,"random",201.830824068747,329.2427219823,-73.9403390441263,45.4326705579298
"193","213","2022-10-28",1,45.43114,-73.93852,"random",120.644996152259,112.70457174629,-73.9370977584291,45.43072100221
"194","213","2022-10-29",1,45.43264,-73.93938,"random",166.545010101981,173.441616324708,-73.939136917012,45.4311512934865
"195","213","2022-10-30",1,45.43029,-73.93788,"random",4.45561436936259,335.768893752247,-73.9379033682072,45.4303265580008
"196","213","2022-10-31",1,45.43108,-73.93875,"random",120.743588288315,227.686381442472,-73.9398909764424,45.4303486372015
"197","213","2022-11-01",1,45.43092,-73.93835,"random",246.500539127737,347.466571033001,-73.93903360996,45.4330850676572
"198","213","2022-11-02",1,45.43662,-73.93905,"random",217.991682328284,292.250117026269,-73.9416285774341,45.4373626596256
"199","213","2022-11-04",1,45.43153,-73.94045,"random",33.3591061877087,302.013076879084,-73.9408114719538,45.4316891145582
"200","213","2022-11-07",1,45.4309,-73.939,"random",163.337123743258,221.725952764973,-73.9403892002719,45.4298031380564
"201","213","2022-11-08",1,45.43114,-73.93911,"random",109.123439574614,306.377135971561,-73.9402327582931,45.4317223296756
"202","213","2022-11-09",1,45.43086,-73.9391,"random",152.237484999932,239.217245690525,-73.9407713304366,45.430158956452
"203","213","2022-11-10",1,45.431,-73.93877,"random",287.873411807232,113.044810462743,-73.9353848967943,45.429986020375
"204","213","2022-11-13",1,45.42976,-73.93897,"random",152.234960300848,353.970781043172,-73.9391743376227,45.4311221791275
"205","213","2022-11-15",1,45.43082,-73.93879,"random",203.903052653186,325.243039391935,-73.9402755207618,45.4323272953543
"206","213","2022-11-17",1,45.42892,-73.93868,"random",192.830848298036,37.8918503131717,-73.9371665846487,45.4302892212467
"207","213","2022-11-22",1,45.43085,-73.93947,"random",67.4548652255908,271.653111800551,-73.9403316439809,45.4308675057545
"208","213","2022-12-02",1,45.43062,-73.93965,"random",295.817696512677,160.462364656851,-73.9383858506598,45.4281115829841
"209","213","2022-12-08",1,45.43077,-73.93867,"random",236.747881164774,158.248212430626,-73.9375488723996,45.4287914934424
"210","213","2022-12-15",1,45.43004,-73.93967,"random",57.5916829984635,311.43002640456,-73.9402217930654,45.4303828872234
"211","213","2022-12-21",1,45.43114,-73.9384,"random",8.60969319473952,168.686019843444,-73.9383784150397,45.4310640384711
"212","213","2023-01-04",1,45.42892,-73.93958,"random",153.719235118479,110.110363243148,-73.9377354712445,45.428444430482
"213","213","2023-01-12",1,45.43294,-73.94007,"random",191.526790056378,359.228475904092,-73.9401029585236,45.4346631328607
"214","213","2023-01-19",1,45.43,-73.93835,"random",159.71742393449,162.413162933663,-73.9377333277586,45.428630086337
"215","213","2023-01-22",1,45.43007,-73.93834,"random",105.296094808728,234.909338308498,-73.9394409811009,45.4295253512743
"216","213","2023-01-25",1,45.4308,-73.93883,"random",288.05544837378,272.564892964438,-73.942507363244,45.4309159270487
"217","213","2023-02-08",1,45.43057,-73.93891,"random",195.772977266461,237.451148601249,-73.941018781757,45.4296222631402
"218","214","2022-11-02",1,45.43494,-73.93824,"random",192.182780709118,35.0438464991748,-73.9368296805418,45.4363557021361
"219","214","2022-11-07",1,45.43201,-73.93615,"random",90.4622892849147,138.814259469509,-73.9353887553973,45.4313974378853
"220","214","2022-11-09",1,45.43435,-73.93789,"random",191.027303994633,247.000260455534,-73.9401371874209,45.4336783984401
"221","214","2022-11-10",1,45.43259,-73.93676,"random",81.2158393906429,337.041677953675,-73.9371648437984,45.4332628666389
"222","214","2022-11-15",1,45.43197,-73.93894,"random",188.024644833058,155.939727667719,-73.9379604091495,45.4304252036431
"223","215","2022-10-30",1,45.43808,-73.93915,"random",130.98650907632,83.9829432684928,-73.9374851352912,45.4382035307542
"224","215","2022-11-02",1,45.43691,-73.93853,"random",17.63819034677,177.07290161401,-73.9385184888084,45.4367515050535
"225","215","2022-11-04",1,45.43638,-73.93843,"random",277.712783287279,330.48691039905,-73.9401784948009,45.4385545137375
"226","215","2022-11-09",1,45.43651,-73.93349,"random",86.3060212461278,335.214236229658,-73.933952417109,45.4372150146554
"227","215","2022-11-13",1,45.4365,-73.9335,"random",176.007078378461,306.519231023267,-73.9353077849043,45.4374424025089
"228","215","2022-11-15",1,45.4361,-73.93518,"random",165.758895711042,130.847862074152,-73.9335775499807,45.4351245094064
"229","215","2022-11-17",1,45.43436,-73.93284,"random",226.586828101426,80.3767182771116,-73.9299850091922,45.4347007803095
"230","215","2022-11-22",1,45.43603,-73.93313,"random",57.2435926180333,220.019493084401,-73.9336004379467,45.4356355550981
"231","215","2022-12-02",1,45.43589,-73.93515,"random",96.373563632369,119.889445519075,-73.9340821706274,45.435457877652
"232","215","2022-12-15",1,45.43678,-73.93193,"random",126.055478048511,163.368343748152,-73.9314689046428,45.435693247533
"233","215","2022-12-21",1,45.43519,-73.93361,"random",30.3761146729812,199.028992541134,-73.9337365722167,45.4349316222035
"234","215","2022-12-23",1,45.43672,-73.92966,"random",22.6774944690987,153.83982363157,-73.9295322219096,45.4365368573245
"235","215","2023-02-16",1,45.43879,-73.9309,"random",288.08048281353,215.721089523286,-73.9330495509311,45.4366855815105
"236","215","2023-03-21",1,45.43667,-73.93143,"random",227.191277034581,258.740221755579,-73.9342776568561,45.4362708217634
"237","215","2023-03-25",1,45.43704,-73.93157,"random",281.718065100722,239.238975858316,-73.9346638291681,45.4357435150219
"238","215","2023-04-03",1,45.43869,-73.9311,"random",174.770802003331,173.093119170517,-73.9308313918105,45.4371288880182
"239","216","2022-10-28",1,45.4345,-73.9407,"random",185.912043903954,78.2093912176788,-73.9383742014145,45.4348417826653
"240","216","2022-10-30",1,45.43756,-73.93796,"random",163.857591245323,0.632271012291312,-73.9379368901886,45.4390342406748
"241","216","2022-11-07",1,45.43719,-73.93902,"random",181.789288320579,172.551799099892,-73.9387188349355,45.4355681268424
"242","216","2022-11-10",1,45.43213,-73.94025,"random",110.358480457217,263.425010936335,-73.9416510190297,45.4320162932963
"243","216","2022-11-13",1,45.43256,-73.93953,"random",90.172923845239,40.9708114340901,-73.938774425187,45.4331725974043
"244","217","2022-10-28",1,45.42996,-73.93825,"random",210.865580267273,289.586794115603,-73.9407887036236,45.4305960099753
"245","217","2022-10-29",1,45.4297,-73.93804,"random",35.7068445067853,44.7659050114453,-73.937718676151,45.4299281033736
"246","217","2022-10-30",1,45.43027,-73.93785,"random",192.33078493271,182.361819902435,-73.9379512808824,45.4285409455199
"247","217","2022-10-31",1,45.42996,-73.93822,"random",127.70967381075,13.3598235156387,-73.937842900195,45.4310779892956
"248","217","2022-11-02",1,45.4311,-73.94022,"random",280.796437407844,277.882115934044,-73.9437744206281,45.4314464180729
"249","217","2022-11-04",1,45.43075,-73.93878,"random",276.319707348011,131.540626874194,-73.9361371215866,45.4291012256819
"250","217","2022-11-07",1,45.4309,-73.939,"random",188.99288980756,66.4928314369172,-73.9367852717679,45.4315782427356
"251","217","2022-11-08",1,45.43119,-73.93872,"random",275.559978489764,282.491405205801,-73.9421580647241,45.4317262234639
"252","217","2022-11-09",1,45.42944,-73.93896,"random",55.7274456834421,329.040757091716,-73.9393263377101,45.4298699802848
"253","217","2022-11-10",1,45.43116,-73.93909,"random",135.883303103037,103.543713837862,-73.937401841013,45.4308736633557
"254","217","2022-11-13",1,45.4299,-73.93915,"random",108.168213930912,136.852959422395,-73.9382047261793,45.4291899050248
"255","217","2022-11-15",1,45.4308,-73.93874,"random",92.4382640048862,118.153763841838,-73.9376985058639,45.4304075538126
"256","217","2022-11-17",1,45.43088,-73.93894,"random",166.784739308059,97.1486933715641,-73.936825239545,45.4306932299045
"257","217","2022-11-22",1,45.43147,-73.93909,"random",135.862472676672,229.074123864993,-73.940401779973,45.4306691924537
"258","217","2022-12-02",1,45.4306,-73.93928,"random",119.321720092557,5.70238298736513,-73.9391284913041,45.4316683014327
"259","217","2022-12-08",1,45.43079,-73.93866,"random",244.64311923366,103.756112521514,-73.9356234207168,45.4302665345051
"260","217","2022-12-15",1,45.43016,-73.94003,"random",223.196474066935,327.412961320952,-73.9415661747702,45.4318520830995
"261","217","2022-12-21",1,45.42981,-73.93822,"random",178.194334893487,193.798509947956,-73.9387630909047,45.4282529402201
"262","217","2023-01-04",1,45.43084,-73.93885,"random",166.932079475373,172.329575484619,-73.9385652771781,45.4293514434301
"263","217","2023-01-12",1,45.42976,-73.93963,"random",272.303678537719,285.093411142007,-73.9429896862035,45.4303979385905
"264","217","2023-01-19",1,45.43096,-73.93857,"random",207.622230984271,273.710540290922,-73.9412176434831,45.4310808657742
"265","217","2023-01-25",1,45.42976,-73.93844,"random",185.725027997978,152.455178573728,-73.9373425024531,45.4282783253476
"266","217","2023-02-08",1,45.43002,-73.93859,"random",120.748475915752,263.485026704147,-73.9401230485787,45.4298967177522
"267","217","2023-02-16",1,45.43005,-73.93793,"random",231.139498203993,72.4298011790961,-73.9351140855672,45.430677776184
"268","217","2023-02-22",1,45.43032,-73.93958,"random",237.01317133382,298.860723394901,-73.942232615555,45.4313493179524
"269","217","2023-03-01",1,45.43068,-73.93987,"random",209.375142375939,19.6502405963838,-73.9389702321652,45.4324541675531
"270","217","2023-03-03",1,45.43277,-73.93998,"random",249.620161321945,50.2887654025108,-73.9375259588285,45.4342049801548
"271","217","2023-03-09",1,45.42869,-73.93668,"random",239.287344343029,334.140033982694,-73.9380137430643,45.4306274173859
"272","217","2023-03-12",1,45.43125,-73.93852,"random",79.35527600348,162.138457540423,-73.9382089659626,45.4305704039702
"273","217","2023-03-15",1,45.43001,-73.93832,"random",247.702303016558,180.753042167053,-73.9383615992889,45.4277814544239
"274","217","2023-03-19",1,45.43007,-73.93894,"random",78.4454563166946,0.850073006004095,-73.9389251276321,45.4307757467077
"275","217","2023-03-21",1,45.43133,-73.93887,"random",172.03269826714,77.6409053150564,-73.936722518784,45.4316612868509
"276","217","2023-03-24",1,45.43008,-73.93829,"random",175.036139390431,124.115041522309,-73.9364381958665,45.4291966848385
"277","217","2023-03-27",1,45.43124,-73.93874,"random",240.480219293386,34.2642056196928,-73.9370097562308,45.4330282226689
"278","217","2023-03-29",1,45.42998,-73.93839,"random",261.629052716307,24.5174552779645,-73.9370025794457,45.4321217839948
"279","217","2023-04-03",1,45.42993,-73.93839,"random",55.6744680041447,358.215424669906,-73.9384121559372,45.4304306961694
"280","217","2023-04-13",1,45.43155,-73.93067,"random",178.818195965141,194.622993003577,-73.9312468846262,45.429993172912
"281","219","2022-11-01",1,45.43064,-73.93814,"random",119.523160136305,34.4614073261619,-73.9372757197643,45.4315266942716
"282","219","2022-11-02",1,45.43346,-73.93977,"random",285.160498204641,105.495181996375,-73.9362582790179,45.4327744812394
"283","219","2022-11-04",1,45.4358,-73.93875,"random",74.8407339211553,194.041269477457,-73.938982056707,45.4351467300485
"284","219","2022-11-07",1,45.43719,-73.93902,"random",87.4352037208155,248.438171083108,-73.940059252251,45.4369008753669
"285","219","2022-11-08",1,45.43084,-73.93887,"random",38.2388283731416,83.2393533736467,-73.9383847453848,45.4308805023031
"286","219","2022-11-09",1,45.43072,-73.93916,"random",78.3318498870358,213.373660007492,-73.9397106394131,45.4301314177614
"287","219","2022-11-10",1,45.42997,-73.93851,"random",231.221167836338,73.9594991784543,-73.9356702900939,45.4305448268662
"288","219","2022-11-13",1,45.42966,-73.93887,"random",118.056690017693,103.104769242927,-73.9374006857476,45.4294191480731
"289","219","2022-11-15",1,45.4308,-73.93874,"random",232.673000358045,312.208450902253,-73.9409424051055,45.4322064604202
"290","219","2022-11-17",1,45.42979,-73.93891,"random",112.151825800538,211.222935738042,-73.9396528928369,45.4289270566637
"291","219","2022-11-22",1,45.4297,-73.93878,"random",241.78436093498,170.100398529321,-73.9382488339989,45.4275569000782
"292","219","2022-12-02",1,45.42889,-73.93839,"random",126.421442208812,162.11013475433,-73.9378937536792,45.4278075025443
"293","219","2022-12-15",1,45.42986,-73.9396,"random",126.757969264872,85.0605523400009,-73.9379862070803,45.4299581909431
"294","219","2022-12-21",1,45.43114,-73.9384,"random",25.1321519259363,239.164218166843,-73.9386757638535,45.4310240900505
"295","219","2023-01-04",1,45.43089,-73.93887,"random",83.92666017171,180.399821810424,-73.9388774839351,45.4301348760777
"296","219","2023-01-12",1,45.43065,-73.94053,"random",190.563136059791,149.685717467219,-73.939300888161,45.4291698140897
"297","219","2023-01-19",1,45.43005,-73.93851,"random",219.990338967182,52.6977755036205,-73.9362737787578,45.4312495296278
"298","219","2023-01-25",1,45.42976,-73.93844,"random",45.4298987053335,261.610654201359,-73.9390143226811,45.4297003605365
"299","219","2023-02-08",1,45.42998,-73.93844,"random",193.430862994865,152.397701097652,-73.9372947655123,45.4284376578153
"300","219","2023-02-22",1,45.43453,-73.94603,"random",10.4175653541461,87.6337046641856,-73.9458969792971,45.434533869982
"301","219","2023-03-03",1,45.43269,-73.93982,"random",247.246928955428,132.291232673451,-73.9374827541723,45.4311930176118
"302","219","2023-03-09",1,45.43029,-73.9382,"random",239.077585749328,11.4003506395966,-73.9375960901647,45.4323986914036
"303","219","2023-03-12",1,45.42934,-73.93868,"random",290.628479467705,62.3106901533902,-73.935391407469,45.4305550696818
"304","219","2023-03-15",1,45.43006,-73.93808,"random",9.19953247066587,150.026952372864,-73.9380212686011,45.4299882960195
"305","219","2023-03-19",1,45.4301,-73.93834,"random",134.649386093952,257.130550090224,-73.9400174245443,45.4298301437458
"306","220","2022-11-04",1,45.43714,-73.93896,"random",143.764680926688,60.6113338004798,-73.9373590649911,45.4377747704703
"307","220","2022-11-07",1,45.43095,-73.93834,"random",295.180340646766,259.539415268227,-73.9420493782568,45.4304677319607
"308","220","2022-11-08",1,45.42962,-73.93922,"random",112.966772681102,42.6807735767215,-73.9382413751723,45.4303672200095
"309","220","2022-11-09",1,45.43055,-73.93804,"random",58.0228412523866,286.755397198722,-73.9387499894804,45.4307005032009
"310","220","2022-11-10",1,45.43027,-73.93853,"random",241.97701360099,237.200687443838,-73.9411291499987,45.4290905724732
"311","220","2022-11-13",1,45.42946,-73.93877,"random",240.50863799639,229.351844228804,-73.9411017839594,45.4280503124835
"312","220","2022-11-15",1,45.4308,-73.93874,"random",177.045335923322,326.160260662436,-73.9399999251485,45.4321231287502
"313","220","2022-11-17",1,45.43108,-73.93841,"random",20.8705093944445,308.381102252752,-73.9386190694889,45.4311965937579
"314","220","2022-11-22",1,45.43165,-73.93959,"random",228.57941610273,184.838911509141,-73.939836394733,45.4296006537016
"315","220","2022-12-02",1,45.42883,-73.93843,"random",89.4635390024632,333.554227380082,-73.938939135515,45.4295507260659
"316","220","2022-12-15",1,45.42976,-73.93961,"random",255.737351858988,237.747121229768,-73.9423736845546,45.4285320033794
"317","220","2022-12-21",1,45.43114,-73.9384,"random",291.10420262441,194.926607497036,-73.9393581671101,45.4286091259455
"318","221","2022-11-09",1,45.44181,-73.93541,"random",42.8013981319964,77.1547322999686,-73.9348766270847,45.4418956162007
"319","221","2022-11-17",1,45.4427,-73.93604,"random",217.759789642878,98.5865211859345,-73.93328788665,45.4424074348371
"320","221","2022-11-22",1,45.43704,-73.93006,"random",147.147121815942,316.885121706873,-73.9313453373666,45.4380064751225
"321","221","2022-12-02",1,45.43616,-73.939,"random",261.602096795104,280.102842170745,-73.9422914983036,45.4365728458008
"322","221","2022-12-15",1,45.43612,-73.93899,"random",182.877324940637,247.804005006328,-73.9411539808943,45.4354983626795
"323","221","2023-02-16",1,45.43879,-73.9309,"random",246.366765839048,145.906469374895,-73.9291350392861,45.4369542699099
"324","222","2022-11-04",1,45.43224,-73.93919,"random",66.0793247167021,279.491130458191,-73.9400228871886,45.4323380365814
"325","222","2022-11-07",1,45.43142,-73.93934,"random",253.230480873026,196.018207641318,-73.940232930959,45.4292299824895
"326","222","2022-11-15",1,45.4348,-73.9336,"random",8.14281566999853,221.546120373532,-73.9336690174805,45.4347451660023
"327","222","2022-11-17",1,45.43464,-73.93352,"random",141.318855620921,217.643533246592,-73.9346230063499,45.4336331595442
"328","222","2022-12-02",1,45.43356,-73.93225,"random",213.75231819693,19.9801072105765,-73.9313165782844,45.4353675034935
"329","222","2022-12-23",1,45.43672,-73.92966,"random",244.632289325818,262.21572141163,-73.932757641773,45.4364218311845
"330","222","2023-01-19",1,45.43113,-73.93849,"random",32.0252381963655,358.148329211399,-73.9385032238374,45.4314180012251
"331","222","2023-02-16",1,45.43683,-73.93023,"random",241.888518375345,245.239815199748,-73.9330371659624,45.4359184327385
"332","222","2023-03-01",1,45.43695,-73.93084,"random",279.711352335289,13.5187346767634,-73.9300043061347,45.43939700708
"333","224","2022-11-08",1,45.42936,-73.93919,"random",280.497831269167,87.2245496883988,-73.935609822852,45.4294821518317
"334","224","2022-11-09",1,45.42944,-73.93893,"random",160.268378863111,239.876236366108,-73.940701390764,45.4287162711632
"335","224","2022-11-10",1,45.43108,-73.93904,"random",197.417215816677,65.6506036408246,-73.9367415822149,45.4318123410626
"336","224","2022-11-15",1,45.43082,-73.93879,"random",250.812558992766,219.262702614069,-73.9408183840903,45.429072709182
"337","224","2022-11-17",1,45.43,-73.93832,"random",241.490117297508,262.836141418666,-73.9413818393868,45.4297289894168
"338","224","2022-11-22",1,45.42981,-73.93797,"random",235.423431778327,73.1021139677614,-73.9350914494033,45.4304256708044
"339","224","2022-12-02",1,45.42957,-73.93882,"random",20.2088569058105,11.1404625233263,-73.9387701036042,45.4297484057785
"340","224","2022-12-08",1,45.4308,-73.9386,"random",192.649879655801,238.662347774953,-73.9407026847662,45.4298984755278
"341","224","2022-12-15",1,45.42847,-73.93871,"random",81.7629900528118,270.854831244797,-73.9397546853261,45.4284809708014
"342","224","2022-12-21",1,45.42891,-73.93706,"random",37.7633860101923,117.807486718521,-73.9366331672451,45.4287514903085
"343","224","2023-01-04",1,45.42885,-73.93946,"random",238.776756729931,172.932447390631,-73.9390845949565,45.4267178940713
"344","224","2023-01-12",1,45.42976,-73.93963,"random",68.6324052745476,42.3977303691208,-73.9390386352292,45.4302160333538
"345","224","2023-01-19",1,45.42908,-73.93878,"random",150.432358682156,195.507567767054,-73.9392939472399,45.4277757366958
"346","224","2023-01-25",1,45.42956,-73.93862,"random",199.301627604291,148.439131742343,-73.9372870263404,45.428031995024
"347","224","2023-02-08",1,45.43053,-73.93805,"random",275.55929843802,336.707401452586,-73.9394424880511,45.4328072997054
"348","225","2022-11-10",1,45.43116,-73.93893,"random",259.796246350743,195.343764256686,-73.9398084539664,45.4289057627583
"349","225","2022-11-13",1,45.42973,-73.93897,"random",132.458391110413,345.802656551823,-73.9393851509356,45.4308854109958
"350","225","2022-11-15",1,45.43116,-73.93906,"random",227.399789588526,196.394949378446,-73.939880195105,45.4291971295634
"351","225","2022-11-17",1,45.42942,-73.9389,"random",197.215419262648,178.049224186689,-73.9388142148027,45.4276465533997
"352","225","2022-11-22",1,45.42958,-73.93836,"random",11.0572557896376,18.142658919096,-73.938316002305,45.4296745430777
"353","225","2022-12-02",1,45.43062,-73.93965,"random",106.600719597191,217.492895526811,-73.9404791339724,45.4298589753796
"354","225","2022-12-08",1,45.43082,-73.93859,"random",205.299183237366,227.800623681396,-73.940533482639,45.4295791898392
"355","225","2022-12-15",1,45.43004,-73.93967,"random",129.415838280693,333.169732801616,-73.9404164434365,45.4310790807188
"356","225","2022-12-21",1,45.42891,-73.93706,"random",123.769006761722,191.672647409141,-73.9373799795941,45.4278193999429
"357","225","2023-01-04",1,45.42885,-73.93946,"random",245.835458580405,312.803276181221,-73.9417648843912,45.4303529533369
"358","225","2023-01-12",1,45.42976,-73.93963,"random",184.937414294109,54.988353503868,-73.9376943730013,45.4307146925934
"359","225","2023-01-19",1,45.42908,-73.93878,"random",203.206598642282,273.34120631218,-73.9413722771088,45.4291865323143
"360","225","2023-01-25",1,45.4299,-73.9382,"random",112.280031130649,4.60343459621072,-73.9380848430409,45.4309069968246
"361","225","2023-02-08",1,45.43004,-73.93792,"random",224.539794120938,259.758192999288,-73.9407436045536,45.4296807447741
"362","225","2023-02-22",1,45.43009,-73.93832,"random",148.650612845086,182.072423379868,-73.9383886921339,45.428753369098
"363","225","2023-03-03",1,45.42939,-73.93892,"random",281.721002538688,91.8793656863272,-73.9353219354359,45.4293068131057
"364","225","2023-03-09",1,45.43,-73.93819,"random",84.9999623838812,341.345836613327,-73.9385374291982,45.4307246213698
"365","225","2023-03-12",1,45.42934,-73.93868,"random",53.3926032017916,266.435317480937,-73.9393609629031,45.4293101284627
"366","225","2023-03-15",1,45.43,-73.93803,"random",179.651456954889,315.614679995924,-73.9396358455839,45.4311551806931
"367","225","2023-03-19",1,45.42914,-73.93837,"random",197.668122849427,235.15652205795,-73.9404430215256,45.4281238316418
"368","225","2023-03-21",1,45.42905,-73.93892,"random",213.383293594234,330.114807626233,-73.9402786695523,45.4307146353461
"369","225","2023-03-29",1,45.43071,-73.93564,"random",30.8271016459912,137.391525954008,-73.9353733115373,45.4305058552398
"370","225","2023-04-03",1,45.435,-73.93894,"random",291.76224397961,74.4359967950732,-73.9353479924368,45.4357043153322
"371","225","2023-04-13",1,45.43069,-73.93906,"random",66.48612418212,226.557647287846,-73.9396768766302,45.4302786486565
