Date,Time,Tracker ID,GPS ID,Tag ID,Species,Lat,Lon,Signal,Gain,Angle,Receiver,Direction,Cloud cover,Comments
08/10/2022,9:32,MJL,10-08-2022 NOCA 208,208,NOCA,45.43113,73.93878,232,20,95,New,straight,100,Near the mbo cabin in the bushes
09/10/2022,9:20,MJL,10-09-2022 NOCA 208,208,NOCA,45.43044,73.93912,210,30,134,New,Straight,100,Near the C nets
10/10/2022,8:40,MJL,10-10-2022 NOCA 207,207,NOCA,45.42953,73.93798,223,30,71,New,Straight,60,In the bushes by the road leading to the parking lot of the MBO
10/10/2022,8:44,MJL,10-10-2022 NOCA 208,208,NOCA,45.42975,73.93842,208,40,252,New,Straight,60,Near the E nets and conifers
11/10/2022,8:12,MJL,10-11-2022 NOCA 208,208,NOCA,45.43002,73.93935,241,30,61,New,Straight,0,Near the A1 net
11/10/2022,8:45,MJL,10-11-2022 NOCA 207,207,NOCA,45.42932,73.94029,218,40,353,New,Straight,0,Near the C nets
12/10/2022,10:00,Nesh,12-10-2022 208,208,NOCA,45.43041,73.93943,132,39,144,Old,,100,
12/10/2022,9:15,ACM,12-10-2022 NOCA 207,207,NOCA,45.43099,73.93957,230,30,45,New,straight,30,
13/10/2022,9:19,Nesh,13-10-2022 206,206,NOCA,45.43306,73.94151,132,39,,Old,,90,
13/10/2022,9:25,MJL,10-13-2022 NOCA 207,207,NOCA,45.42967,73.93741,250,19,100,New,Straight,100,On the path leading to the parking lot from eco
13/10/2022,9:40,MJL,10-13-2022 NOCA 208,208,NOCA,45.42995,73.93961,205,39,252,New,Straight,100,Near the C nets
14/10/2022,10:42,Nesh,14-10-2022 206,206,NOCA,45.43313,73.94008,129,39,88,Old,,100,
14/10/2022,10:10,ACM,14-10-2022 NOCA 208,208,NOCA,45.43019,73.93933,245,39,270,New,straight,50,close to the intersection of net lanes C-A-D
14/10/2022,10:36,ACM,14-10-2022 NOCA 207,207,NOCA,45.42941,73.93762,240,29,330,New,straight,50,conifer area next to entrance road
15/10/2022,8:59,MJL,10-15-2022 NOCA 208,208,NOCA,45.4311,73.939,250,29,187,New,Straight,100,Near the pond
15/10/2022,12:07,MJL,10-15-2022 NOCA 207,207,NOCA,45.42946,73.93856,216,39,90,New,Straight,100,Near E1 net
15/10/2022,12:20,MJL,10-15-2022 NOCA 209,209,NOCA,45.42869,73.93789,230,19,108,New,Straight,40,past the conifers
16/10/2022,9:15,MJL,10-16-2022 NOCA 206,206,NOCA,45.43182,73.94016,206,39,66,New,straight,20,right of b/n
16/10/2022,9:22,MJL,10-16-2022 NOCA 210,210,NOCA,45.43118,73.93872,224,19,90,New,up,20,near the cabin
16/10/2022,10:13,MJL,10-16-2022 NOCA 208,208,NOCA,45.43052,73.9399,220,29,26,New,straight,10,in the field behind the pond
16/10/2022,10:34,MJL,10-16-2022 NOCA 209,209,NOCA,45.42899,73.93848,225,39,71,New,straight,0,E nets
16/10/2022,11:00,MJL,10-16-2022 NOCA 207,207,NOCA,45.42977,73.9384,210,39,107,New,straight,0,near winter nets
17/10/2022,7:49,MJL,10-17-2022 NOCA 210,210,NOCA,45.43102,73.9385,224,19,21,New,Straight,100,near cabin
17/10/2022,8:23,MJL,10-17-2022 NOCA 206,206,NOCA,45.43186,73.94039,201,49,83,New,Straight,100,sensus trail in arbo
17/10/2022,9:12,MJL,10-17-2022 NOCA 207,207,NOCA,45.42973,73.93833,235,19,90,New,Straight,100,winter nets
17/10/2022,9:17,MJL,10-17-2022 NOCA 208,208,NOCA,45.43003,73.93834,250,19,79,New,up,100,winter nets
18/10/2022,7:19,ACM,18-10-2022 NOCA 207,207,NOCA,45.43016,73.93781,250,19,240,New,Straight,100,woods next to entrance road
18/10/2022,8:43,ACM,18-10-2022 NOCA 210,210,NOCA,45.43147,73.93874,222,19,210,New,Straight,100,B/N woods closer to cabin
18/10/2022,9:17,ACM,18-10-2022 NOCA 208,208,NOCA,45.43006,73.93971,231,29,225,New,straight,100,brush pile near DCA intersection
18/10/2022,9:33,ETD,18-10-22 209,209,NOCA,45.43095,73.9389,167,29,281,Old,straight,100,
18/10/2022,9:14,ETD,18-10-22 206,206,NOCA,45.43274,73.93947,174,19,294,Old,straight,100,
19/10/2022,7:45,MJL,19-10-2022 NOCA 210,210,NOCA,45.43096,73.93864,207,30,12,New,Straight,50,near the cabin
19/10/2022,8:21,MJL,19-10-2022 NOCA 206,206,NOCA,45.43177,73.93979,226,30,87,New,Straight,40,right of b/n
19/10/2022,9:05,MJL,19-10-2022 NOCA 208,208,NOCA,45.42961,73.93957,243,20,276,New,Straight,90,near D1
19/10/2022,9:36,MJL,19-10-2022 NOCA 207,207,NOCA,45.42994,73.93819,250,20,148,New,Straight,100,near winter nets
20/10/2022,11:50,BF,10-19-2022 NOCA 209,209,NOCA,45.43662,73.93728,250,59,253,New,Straight,100,In buckthorn and sumac thicket between two fields
20/10/2022,8:18,ACM,20-10-2022 NOCA 210,210,NOCA,45.43111,73.93842,250,20,300,New,Straight,100,next to cabin
20/10/2022,8:29,ACM,20-10-2022 NOCA 206,206,NOCA,45.43274,73.9394,250,20,45,New,Straight,100,Hedge. end of census trail
20/10/2022,10:17,ACM,20-10-2022 NOCA 207,207,NOCA,45.43066,73.93932,245,20,250,New,Straight,100,Towards pond from net trails before intersection
20/10/2022,10:46,ACM,20-10-2022 NOCA 208,208,NOCA,45.43072,73.93967,237,30,160,New,Straight,100,shrubs/grassy area towards pond
21/10/2022,10:42,ACM,21-10-2022 NOCA 208,208,NOCA,45.43015,73.93908,242,20,185,New,Straight,10,hawthorns next to A net
21/10/2022,8:28,ACM,21-10-2022 NOCA 210,210,NOCA,45.43126,73.93853,250,20,55,New,Up,20,Next to cabin. saw bird very close
21/10/2022,11:54,ACM,21-10-2022 NOCA 207,207,NOCA,45.43078,73.93946,233,30,300,New,Straight,5,shrubs in the back pond
21/10/2022,12:26,ACM,21-10-2022 NOCA 206,206,NOCA,45.43288,73.93983,223,30,40,New,Straight,5,end of warbler alley towards Arbo
22/10/2022,11:10,BF,10-22-2022 NOCA 211,211,NOCA,45.43723,73.93755,208,59,320,New,Straight,0,"Edge of the woods near the field, moving around a lot "
22/10/2022,11:30,MJL,10-22-2022 NOCA 207,207,NOCA,45.42906,73.93781,211,40,148,New,Straight,0,Near E nets
22/10/2022,11:40,MJL,10-22-2022 NOCA 208,208,NOCA,45.42919,73.939,215,50,218,New,Straight,0,wetland area
22/10/2022,11:59,MJL,10-22-2022 NOCA 210,210,NOCA,45.43109,73.9388,184,40,27,New,Straight,0,near cabin
22/10/2022,12:04,MJL,10-22-2022 NOCA 206,206,NOCA,,,191,50,16,New,Straight,0,"Forgot to write down coordinates, but coordinates should exist in the GPS, near b/n"
23/10/2022,8:25,MJL,10-23-2022 NOCA 207,207,NOCA,45.43128,73.93857,225,40,271,New,Straight,0,right of b/n
23/10/2022,8:30,MJL,10-23-2022 NOCA 210,210,NOCA,45.43094,73.93839,245,30,250,New,Straight,0,near cabin
23/10/2022,9:00,MJL,10-23-2022 NOCA 206,206,NOCA,45.43272,73.94019,221,20,355,New,Straight,0,sensus trail arbo
23/10/2022,10:08,MJL,10-23-2022 NOCA 208,208,NOCA,45.42977,73.93909,250,30,196,New,Straight,0,near A1 net
23/10/2022,11:08,MJL,10-23-2022 NOCA 209,209,NOCA,45.43674,73.93816,160,70,320,New,Straight,10,near A2 net
23/10/2022,11:16,MJL,10-23-2022 NOCA 211,211,NOCA,45.43755,73.93845,155,70,205,New,Straight,10,roche usual location
24/10/2022,7:28,MJL,10-24-2022 NOCA 213,213,NOCA,45.431,73.93875,235,20,274,New,Straight,80,near cabin by the pond
24/10/2022,7:34,MJL,10-24-2022 NOCA 210,210,NOCA,45.43108,73.93877,243,20,79,New,Straight,80,right of b/n
24/10/2022,7:53,MJL,10-24-2022 NOCA 206,206,NOCA,45.4329,73.93967,241,40,141,New,Straight,70,sensus trail in rbo
24/10/2022,8:10,MJL,10-24-2022 NOCA 207,207,NOCA,45.42991,73.9396,213,40,319,New,Straight,60,near c nets
24/10/2022,8:12,MJL,10-24-2022 NOCA 208,208,NOCA,45.42991,73.93958,221,40,210,New,Straight,60,field near c nets
24/10/2022,8:30,MJL,10-24-2022 NOCA 209,209,NOCA,45.42956,73.93872,175,60,180,New,Straight,40,briefly near the e netw
24/10/2022,10:00,MJL,10-24-2022 NOCA 211,211,NOCA,45.43568,73.93397,195,70,41,New,Straight,20,North ste anne 
25/10/2022,7:41,MJL,10-25-2022 NOCA 210,210,NOCA,45.431,73.93854,235,20,350,New,Straight,100,Near cabin
25/10/2022,7:41,MJL,10-25-2022 NOCA 213,213,NOCA,45.43097,73.93854,250,20,40,New,Straight,100,near cabin
25/10/2022,8:28,MJL,10-25-2022 NOCA 206,206,NOCA,45.43278,73.93943,250,20,130,New,Straight,100,sensus trail arbo
25/10/2022,9:15,MJL,10-25-2022 NOCA 209,209,NOCA,45.43033,73.93957,235,30,4,New,Straight,100,near cabin
25/10/2022,9:22,MJL,10-25-2022 NOCA 208,208,NOCA,45.42976,73.93961,213,30,260,New,Straight,100,left of C net
25/10/2022,9:41,MJL,10-25-2022 NOCA 207,207,NOCA,45.43136,73.93898,210,40,24,New,Straight,100,right of b/n
25/10/2022,9:42,MJL,10-25-2022 NOCA 212 ,212,NOCA,45.43138,73.93897,212,30,64,New,Straight,100,right of b/n
26/10/2022,7:44,MJL,10-26-2022 NOCA 207,207,NOCA,45.43103,73.93878,238,20,240,New,Straight,100,near pond
26/10/2022,7:45,MJL,10-26-2022 NOCA 210,210,NOCA,45.43101,73.93877,250,20,300,New,Straight,100,near pond
26/10/2022,8:01,MJL,10-26-2022 NOCA 213,213,NOCA,45.43172,73.93973,221,30,209,New,Straight,100,left of b/n
26/10/2022,8:47,MJL,10-26-2022 NOCA 206,206,NOCA,45.43155,73.93923,210,30,32,New,Straight,100,right of b/n
26/10/2022,8:49,MJL,10-26-2022 NOCA 209,209,NOCA,45.43154,73.93918,200,30,4,New,Straight,100,right of b/n
26/10/2022,9:01,MJL,10-26-2022 NOCA 208,208,NOCA,45.43055,73.93911,211,40,6,New,Straight,100,field pond
26/10/2022,2:39,BF,10-26-2022 NOCA 211,211,NOCA,45.43791,73.93732,203,59,142,New,Straight,0,Very dense buckthorn understory in forest beside agricultural area
27/10/2022 ,9:02,BF,10-27-2022 NOCA 210,210,NOCA,45.43096,73.93889,236,29,270,New,Straight,40,In the thicket beside H1
27/10/2022,9:05,BF,10-27-2022 NOCA 213,213,NOCA,45.43111,73.93902,247,39,215,New,Straight,40,Near the pond beside B&N
27/10/2022,9:24,BF,10-27-2022 NOCA 211,211,NOCA,45.4319,73.9398,222,39,161,New,Straight,40,Popped up at the end of B&N - was moving a lot throughout the area
27/10/2022,11:39,BF,10-27-2022 NOCA 212,212,NOCA,45.43084,73.9391,205,49,5,New,Straight,40,Bushes near H2/pond - moving around a lot
27/10/2022,11:45,BF,10-27-2022 NOCA 208,208,NOCA,45.43105,73.93929,210,49,45,New,Straight,40,Bushes in the flooded field - moving around a lot
27/10/2022,11:52,BF,10-27-2022 NOCA 207,207,NOCA,45.43153,73.93955,206,49,309,New,Straight,40,Flooded pond near B&N
28/10/2022,8:53,ACM,28-10-2022 NOCA 210,210,NOCA,45.43107,73.93836,243,20,120,New,Up,10,Hedge next to cabin
28/10/2022,9:02,ACM,28-10-2022 NOCA 217,217,NOCA,45.42996,73.93825,211,40,190,New,Straight,10,From feeders towards E nets. moving
28/10/2022,9:14,ACM,28-10-2022 NOCA 208,208,NOCA,45.4295,73.93891,237,20,300,New,Straight,10,Close to D nets. Sumac. Saw bird in the middle of  that patch
28/10/2022,9:25,ACM,28-10-2022 NOCA 207,207,NOCA,45.43058,73.93991,224,30,45,New,Straight,10,back pond towards shruby middle area
28/10/2022,9:40,ACM,28-10-2022 NOCA 213,213,NOCA,45.43114,73.93852,222,30,300,New,Straight,10,hedge next to cabin. moving a lot
28/10/2022,10:29,ACM,28-10-2022 NOCA 206,206,NOCA,45.43321,73.93961,242,30,270,New,Straight,10,end of warbler alley towards arbo. got to point from corn field
28/10/2022,10:47,ACM,28-10-2022 NOCA 216,216,NOCA,45.4345,73.9407,223,40,75,New,Straight,10,back of MBO census trail/warbler alley. got there from corn field
29/10/2022,10:25,BF,29-10-2022 NOCA 209,209,NOCA,45.43676,73.93728,234,49,109,New,Straight,0,In shrubs at the edge of the soybean field
29/10/2022,10:39,BF,29-10-2022 NOCA 216,216,NOCA,45.43709,73.9379,218,49,350,New,Straight,0,Edge of the fallow field
29/10/2022,11:35,BF,29-10-2022 NOCA 215,215,NOCA,45.43784,73.93761,170,69,12,New,Straight,0,Buckthorn thicket with lots of dead trees - moving around a lot and the best point able to get
29/10/2022,11:48,BF,29-10-2022 NOCA 211,211,NOCA,45.43796,73.93271,180,49,180,New,Straight,0,Right behind a suburban house in an open forest with dense understory
29/10/2022,10:48,MJL,10-29-2022 NOCA 212,212,NOCA,45.43096,73.93872,205,40,250,New,Straight,10,pond
29/10/2022,11:04,MJL,10-29-2022 NOCA 206,206,NOCA,45.43268,73.93939,240,30,95,New,Straight,10,sensus corn field
29/10/2022,11:04,MJL,10-29-2022 NOCA 213,213,NOCA,45.43264,73.93938,235,30,140,New,Straight,10,sensus corn field
29/10/2022,11:20,MJL,10-29-2022 NOCA 208,208,NOCA,45.43095,73.93896,228,40,313,New,Straight,10,pond
29/10/2022,11:25,MJL,10-29-2022 NOCA 210,210,NOCA,45.43087,73.93895,218,40,14,New,Straight,10,pond
29/10/2022,11:43,MJL,10-29-2022 NOCA 207,207,NOCA,45.4394,73.93806,219,50,124,New,Straight,10,winter nets
29/10/2022,11:46,MJL,10-29-2022 NOCA 217,217,NOCA,45.4297,73.93804,215,40,21,New,Straight,10,winter nets
30/10/2022,10:57,MJL,10-30-2022 NOCA 206,206,NOCA,45.43232,73.94023,210,40,137,New,Straight,0,sensus trail in arbo
30/10/2022,11:14,MJL,10-30-2022 NOCA 210,210,NOCA,45.43093,73.93834,250,10,165,New,Straight,0,behind the cabin
30/10/2022,11:41,MJL,10-30-2022 NOCA 213,213,NOCA,45.43029,73.93788,250,30,135,New,Straight,0,road leading to parking lot
30/10/2022,11:45,MJL,10-30-2022 NOCA 217,217,NOCA,45.43027,73.93785,225,30,80,New,Straight,0,road leading to parking lot
30/10/2022,11:58,MJL,10-30-2022 NOCA 207,207,NOCA,45.43005,73.93963,199,30,237,New,Straight,0,near C nets
30/10/2022,12:00,MJL,10-30-2022 NOCA 208,208,NOCA,45.43018,73.93961,223,40,320,New,Straight,0,near C nets
30/10/2022,12:20,MJL,10-30-2022 NOCA 216,216,NOCA,45.43756,73.93796,190,40,153,New,Straight,0,soy field area
30/10/2022,12:29,MJL,10-30-2022 NOCA 209,209,NOCA,45.43615,73.93909,211,30,237,New,Straight,0,grass field near soy field
30/10/2022,12:18,MJL,10-30-2022 NOCA 211,211,NOCA,45.43646,73.93318,193,30,38,New,Straight,0,field towards north ste anne
30/10/2022,12:40,MJL,10-30-2022 NOCA 215,215,NOCA,45.43808,73.93915,205,30,340,New,Straight,0,path within roche area
31/10/2022,7:40,MJL,10-31-2022 NOCA 213,213,NOCA,45.43108,73.93875,213,20,80,New,Straight,100,near cabin
31/10/2022,7:47,MJL,10-31-2022 NOCA 210,210,NOCA,45.43099,73.93839,237,30,323,New,Straight,100,near cabin
31/10/2022,8:20,MJL,10-31-2022 NOCA 217,217,NOCA,45.42996,73.93822,221,40,139,New,Straight,50,by winter nets
31/10/2022,8:23,MJL,10-31-2022 NOCA 207,207,NOCA,45.42997,73.93826,210,40,62,New,Straight,50,by winter nets
31/10/2022,8:25,MJL,10-31-2022 NOCA 208,208,NOCA,45.43021,73.93816,231,40,83,New,Straight,50,by winter nets
31/10/2022,9:30,MJL,10-31-2022 NOCA 215,215,NOCA,45.43684,73.93832,200,60,330,New,Straight,60,soyfield
31/10/2022,9:47,MJL,10-31-2022 NOCA 209,209,NOCA,45.43688,73.93728,154,60,123,New,Straight,40,soyfield
31/10/2022,9:52,MJL,10-31-2022 NOCA 214,214,NOCA,45.43673,73.93667,151,60,5,New,Straight,40,soyfield
31/10/2022,10:00,MJL,10-31-2022 NOCA 211,211,NOCA,45.43664,73.93478,168,60,70,New,Straight,40,soyfield
31/10/2022,10:10,MJL,10-31-2022 NOCA 218,218,NOCA,45.43594,73.93333,178,70,123,New,Straight,50,pointing towards ste anne north neightbourhood
01/11/2022,7:50,MJL,11-01-2022 NOCA 217,217,NOCA,45.43063,73.93813,240,50,94,New,Straight,100,hedge parking
01/11/2022,7:53,MJL,11-01-2022 NOCA 219,219,NOCA,45.43064,73.93814,247,20,128,New,Up,100,hedge parking
01/11/2022,7:59,MJL,11-01-2022 NOCA 213,213,NOCA,45.43092,73.93835,225,30,75,New,Straight,100,hedge parking
01/11/2022,8:19,MJL,11-01-2022 NOCA 212,212,NOCA,45.43166,73.93885,239,30,301,New,Straight,100,cesus left (warbler alley)
01/11/2022,8:29,MJL,11-01-2022 NOCA 210,210,NOCA,45.4309,73.93829,222,30,81,New,Straight,100,hedge parking
01/11/2022,8:38,MJL,11-01-2022 NOCA 208,208,NOCA,45.42987,73.93958,238,40,94,New,Straight,100,A1 nets
01/11/2022,8:46,MJL,11-01-2022 NOCA 207,207,NOCA,45.43069,73.93897,216,30,358,New,Straight,100,H2 net
01/11/2022,8:54,MJL,11-01-2022 NOCA 206,206,NOCA,45.4313,73.93887,218,50,12,New,Straight,100,right b/n
01/11/2022,9:42,MJL,11-01-2022 NOCA 209,209,NOCA,45.43645,73.93857,212,50,204,New,Straight,100,soy
01/11/2022,9:42,MJL,11-01-2022 NOCA 215,215,NOCA,45.43647,73.93856,209,50,260,New,Straight,100,soy
02/11/2022,10:37,BF,11-02-2022 NOCA 213,213,NOCA,45.43662,73.93905,238,39,10,New,Straight,0,edge of the fallow field
02/11/2022,10:46,BF,11-02-2022 NOCA 209,209,NOCA,45.43686,73.93851,211,39,15,New,Straight,0,edge of the fallow field
02/11/2022,10:49,BF,11-02-2022 NOCA 215,215,NOCA,45.43691,73.93853,197,39,0,New,Straight,0,Shrubby forest patch beside fallow field
02/11/2022,11:13,BF,11-02-2022 NOCA 211,211,NOCA,45.43681,73.9385,203,49,320,New,Straight,0,Shrubby forest patch beside fallow field
02/11/2022,11:40,BF,11-02-2022 NOCA 216,216,NOCA,45.43712,73.93888,198,59,135,New,Straight,0,Shrubby forest patch beside fallow field - best point tacken as kept flushing the bird
02/11/2022,9:38,ACM,02-11-2022 NOCA 208 210,210,NOCA,45.43073,73.93993,243,20,340,New,Straight,5,back pond
02/11/2022,9:38,ACM,02-11-2022 NOCA 208 210,208,NOCA,45.43073,73.93993,245,20,290,New,Straight,5,back pond
02/11/2022,9:50,ACM,02-11-2022 NOCA 217 207,217,NOCA,45.4311,73.94022,250,20,330,New,Up,5,back pond next to wolf fence
02/11/2022,9:50,ACM,02-11-2022 NOCA 217 207,207,NOCA,45.4311,73.94022,243,20,330,New,Straight,5,back pond next to wolf fence
02/11/2022,10:08,ACM,02-11-2022 NOCA 219,219,NOCA,45.43346,73.93977,234,30,275,New,Straight,5,"end of census trail warbler alley, from cornfield towards arbo"
02/11/2022,10:16,ACM,02-11-2022 NOCA 206,206,NOCA,45.43353,73.93987,234,20,240,New,Straight,5,"end of census trail warbler alley, from cornfield towards arbo"
02/11/2022,10:32,ACM,02-11-2022 NOCA 212,212,NOCA,45.43189,73.93936,210,40,295,New,up,5,b/n woods. moving a lot
02/11/2022,11:30,ACM,02-11-2022 NOCA 214.2,214,NOCA,45.43494,73.93824,234,20,250,New,up,5,hedge between corn and soy fields
4/11/2022,7:43,ACM,04-11-2022 NOCA 217,217,NOCA,45.43075,73.93878,234,20,270,New,Straight,10,shrubs next to H1 towards pond
4/11/2022,7:50,ACM,4-11-2022 NOCA 210,210,NOCA,45.43113,73.93845,250,20,40,New,up,10,hedge next to cabin
4/11/2022,8:07,ACM,4-11-2022 NOCA 222,222,NOCA,45.43224,73.93919,210,40,220,New,Straight,10,B/N woods. moving a lot
4/11/2022,8:17,ACM,4-11-2022 NOCA 206,206,NOCA,45.43272,73.93943,235,30,140,New,Straight,10,hedge at end of warbler alley
4/11/2022,9:02,ACM,4-11-2022 NOCA 207,207,NOCA,45.43084,73.93896,243,20,300,New,down,10,from end of H1 towards hawthorns down by pond
4/11/2022,9:20,ACM,4-11-2022 NOCA 212,212,NOCA,45.43073,73.94035,219,30,340,New,Straight,10,back pond towards wolf fence. can't get closer
4/11/2022,10:06,ACM,4-11-2022 NOCA 213,213,NOCA,45.43153,73.94045,235,30,30,New,Straight,10,back pond closer to arbo/wolf fence
4/11/2022,10:34,ACM,4-11-2022 NOCA 208,208,NOCA,45.42952,73.93956,212,30,300,New,Straight,20,from D4 towards census trail. 
4/11/2022,9:22,BF,11-04-2022 NOCA 220,220,NOCA,45.43714,73.93896,222,29,335,New,Straight,0,Buckthorn near fields 
4/11/2022,10:01,BF,11-04-2022 NOCA 211,211,NOCA,45.43892,73.94099,224,29,213,New,Straight,0,Hedgerow of Roche 2
4/11/2022,10:06,BF,11-04-2022 NOCA 221 ,221,NOCA,45.43893,73.94102,218,49,45,New,Straight,0,Shrubby forest beside Roche 2
4/11/2022,10:52,BF,11-04-2022 NOCA 219,219,NOCA,45.4358,73.93875,222,39,262,New,Straight,0,Hedgerow between soy and corn field
4/11/2022,10:58,BF,11-04-2022 NOCA 215 ,215,NOCA,45.43638,73.93843,250,29,169,New,Straight,0,Stand of dead trees and shrubs between soy and fallow fields 
4/11/2022,11:09,BF,11-04-2022 NOCA 209,209,NOCA,45.43709,73.93826,215,39,40,New,Straight,0,Forest with buckthorn thicket beside fallow field 
4/11/2022,11:27,BF,11-04-2022 NOCA 216,216,NOCA,45.43707,73.93825,202,59,50,New,Straight,0,Buckthorn stand behind fallow fields
4/11/2022,11:55,BF,11-04-2022 NOCA 214,214,NOCA,45.43322,73.93721,222,59,290,New,Straight,0,Hedgerow near corn fields
7/11/2022,10:51,BF,11-07-2022  NOCA 214,214,NOCA,45.43201,73.93615,214,39,248,New,Straight,0,Hedgerow near corn fields
7/11/2022,11:18,BF,11-07-2022 NOCA 216,216,NOCA,45.43719,73.93902,222,39,270,New,Straight,0,Buckthorn stand behind fallow fields
7/11/2022,11:18,BF,11-07-2022 NOCA 219,219,NOCA,45.43719,73.93902,204,39,320,New,Straight,0,Buckthorn stand behind fallow fields
7/11/2022,11:41,BF,11-07-2022 NOCA 211,211,NOCA,45.43807,73.93976,196,49,30,New,Straight,0,Beside path on the way from the field to Roche 2
7/11/2022,9:10,ACM,7-11-2022 NOCA 210,210,NOCA,45.43085,73.93879,250,20,45,New,Straight,0,Next to H1 hawthorns
7/11/2022,9:16,ACM,7-11-2022 NOCA 217,217,NOCA,45.4309,73.939,237,20,,New,Straight,0,End of H1 towards left of pond/heard. pretty close
7/11/2022,9:16,ACM,7-11-2022 NOCA 213,213,NOCA,45.4309,73.939,242,20,,New,Straight,0,End of H1 towards left of pond/heard. pretty close
7/11/2022,9:25,ACM,7-11-2022 NOCA 207,207,NOCA,45.43081,73.93945,237,20,15,New,Straight,0,"back pond, near some hawthorns and willows"
7/11/2022,11:00,ACM,7-11-2022 NOCA 220,220,NOCA,45.43095,73.93834,250,20,,New,Straight,0,Hedge next to cabin. GPS on point
7/11/2022,11:51,ACM,7-11-2022 NOCA 208,208,NOCA,45.42946,73.93964,243,20,,New,Straight,0,Hawthorns next to D4. saw female cardinal flew by and signal moved accordingly. GPS on point
7/11/2022,12:16,ACM,7-11-2022 NOCA 222,222,NOCA,45.43142,73.93934,210,40,,New,Straight,40,back pond next to b/n
7/11/2022,12:31,ACM,7-11-2022 NOCA 206,206,NOCA,45.43207,73.93905,241,20,120,New,Straight,40,moving along the hedge next to warbler alley/census trail
8/11/2022,8:56,ETD,11-08-22 224,224,NOCA,45.42936,73.93919,201,30,98,New,Straight,0,Near D nets
8/11/2022,8:46,ETD,11-08-22 220,220,NOCA,45.42962,73.93922,203,30,14,New,Straight,0,Near D nets
8/11/2022,9:06,ETD,11-08-22 207,207,NOCA,45.42901,73.93857,238,20,90,New,Straight,0,Down the trail past D nets
8/11/2022,9:45,ETD,11-08-22 208,208,NOCA,45.43014,73.93958,206,30,118,New,Straight,0,"Before the D nets, where the X of trails is"
8/11/2022,9:31,ETD,11-08-22 219,219,NOCA,45.43084,73.93887,201,30,30,New,Straight,0,At the net closest to the parking lot. (single net? where everyone sits)
8/11/2022,11:09,ETD,11-08-22 210,210,NOCA,45.4314,73.93875,219,20,5,New,Straight,0,Near the cabin
8/11/2022,11:40,ETD,11-08-22 217,217,NOCA,45.43119,73.93872,217,20,41,New,Straight,0,Before B/N nets
8/11/2022,10:58,ETD,11-08-22 213,213,NOCA,45.43114,73.93911,204,30,113,New,Straight,0,Where the pond is
8/11/2022,10:30,ETD,11-08-22 206,206,NOCA,45.43142,73.93887,226,20,343,New,Straight,0,Near the cabin
9/11/2022,10:13,ACM,9-11-22 NOCA 208,208,NOCA,45.43006,73.9388,246,20,270,New,Straight,0,Hawthorns next to A nets
9/11/2022,10:35,ACM,9-11-22 NOCA 207,207,NOCA,45.42941,73.93893,223,30,200,New,Straight,0,between A&D nets
9/11/2022,10:36,ACM,9-11-22 NOCA 224,224,NOCA,45.42944,73.93893,217,30,300,New,Straight,0,between A&D nets
9/11/2022,11:03,ACM,9-11-22 NOCA 217,217,NOCA,45.42944,73.93896,225,30,30,New,Straight,0,Next to H2
9/11/2022,11:09,ACM,9-11-22 NOCA 219,219,NOCA,45.43072,73.93916,227,30,0,New,Straight,0,Close to H2 towards pond
9/11/2022,11:25,ACM,9-11-22 NOCA 220,220,NOCA,45.43055,73.93804,244,20,75,New,Straight,0,hedge next to MBO road
9/11/2022,11:44,ACM,9-11-22 NOCA 210,210,NOCA,45.43105,73.93873,245,20,330,New,Straight,0,in front of cabin
9/11/2022,12:04,ACM,9-11-22 NOCA 213,213,NOCA,45.43086,73.9391,220,30,10,New,Straight,0,next to pond down by h1
9/11/2022,12:11,ACM,9-11-22 NOCA 212,212,NOCA,45.43112,73.93838,235,20,50,New,Straight,0,hedge row next to cabin. saw bird fly. exact GPS point
9/11/2022,12:19,ACM,9-11-22 NOCA 206,206,NOCA,45.43285,73.93948,232,30,,New,Straight,0,hedge row warbler alley. saw bird. exact gps point
9/11/2022,10:12,BF,11-09-22 NOCA 209/215,209,NOCA,45.43651,73.93349,243,39,109,New,Straight,0,At the edge of a small woodlot between the fallow and cultivated field
9/11/2022,10:12,BF,11-09-22 NOCA 209/215,215,NOCA,45.43651,73.93349,245,39,109,New,Straight,0,At the edge of a small woodlot between the fallow and cultivated field
9/11/2022,10:32,BF,11-09-22 NOCA 214,214,NOCA,45.43435,73.93789,218,39,222,New,Straight,0,Hedgerow between corn and soy field
9/11/2022,12:27,BF,11-09-22 NOCA 221,221,NOCA,45.44181,73.93541,224,29,0,New,Straight,0,In shrubby woods near field
9/11/2022,12:34,BF,11-09-22 NOCA 211,211,NOCA,45.43864,73.94041,234,39,220,New,Straight,220,Hedgerow at Roche 2
10/11/2022,8:49,ETD,11-10-22 206,206,NOCA,45.43096,73.93881,208,30,291,New,Straight,100,Near the cabin
10/11/2022,9:14,ETD,11-10-22 207,207,NOCA,45.43107,73.93913,207,30,278,New,Straight,100,Off B/N nets
10/11/2022,8:41,ETD,11-10-22 227,227,NOCA,45.43092,73.93879,227,30,213,New,Straight,100,Near cabin
10/11/2022,8:38,ETD,11-10-22 213,213,NOCA,45.431,73.93877,210,30,210,New,Straight,100,Near cabin
10/11/2022,9:00,ETD,11-10-22 217,217,NOCA,45.43116,73.93909,250,30,266,New,Straight,100,"Off B/N nets, saw live bird fly away"
10/11/2022,9:09,ETD,11-10-22 224,224,NOCA,45.43108,73.93904,222,30,196,New,Straight,100,Off B/N
10/11/2022,8:57,ETD,11-10-22 225,225,NOCA,45.43116,73.93893,202,30,282,New,Straight,100,Off B/N
10/11/2022,9:34,ETD,11-10-22 216,216,NOCA,45.43213,73.94025,207,30,5,New,Straight,100,"Along the edge of the arbo and MBO, past the B/N nets"
10/11/2022,10:15,ETD,11-10-22 219,219,NOCA,45.42997,73.93851,218,30,36,New,Straight,100,"On the trail that goes through dead grass, near the bird feeders"
10/11/2022,10:31,ETD,11-10-22 208,208,NOCA,45.43003,73.93882,233,20,333,New,Straight,100,"Of the grassy trail, near the bird feeders"
10/11/2022,11:20,ETD,11-10-22 220,220,NOCA,45.43027,73.93853,225,30,242,New,Straight,100,On the trail on the way to the birdfeeders
10/11/2022,11:50,ETD,11-10-22 214,214,NOCA,45.43259,73.93676,212,30,257,New,Straight,100,In the hedge row near corn fields
10/11/2022,10:17,BF,11-10-22 NOCA 215/211,215,NOCA,45.43645,73.93174,240,49,190,New,Straight,100,Shrubby woods behind the suburbs near a ditch with water
10/11/2022,10:17,BF,11-10-22 NOCA 215/211,211,NOCA,45.43645,73.93174,222,49,70,New,Straight,100,Shrubby woods behind the suburbs near a ditch with water
13/11/2022,9:38,ETD,11-13-22 216,216,NOCA,45.43256,73.93953,201,40,240,New,Straight,100,"Light drizzle all morning, took very rushed notes and points"
13/11/2022,9:53,ETD,11-13-22 210,210,NOCA,45.42992,73.9392,202,40,69,New,Straight,100,"Light drizzle all morning, took very rushed notes and points"
13/11/2022,9:56,ETD,11-13-22 207,207,NOCA,,,197,40,135,New,Straight,100,"Light drizzle all morning, took very rushed notes and points. Took the GPS point but did not write the coordinates as it started raining harder and I ran for shelter"
13/11/2022,10:20,ETD,11-13-22 217,217,NOCA,45.4299,73.93915,218,40,49,New,Straight,100,"Light drizzle all morning, took very rushed notes and points"
13/11/2022,10:22,ETD,11-13-22 225,225,NOCA,45.42973,73.93897,214,30,88,New,Straight,100,"Light drizzle all morning, took very rushed notes and points"
13/11/2022,10:25,ETD,11-13-22 213,213,NOCA,45.42976,73.93897,212,30,129,New,Straight,100,"Light drizzle all morning, took very rushed notes and points"
13/11/2022,10:28,ETD,11-13-22 219,219,NOCA,45.42966,73.93887,211,30,106,New,Straight,100,"Light drizzle all morning, took very rushed notes and points"
13/11/2022,10:38,ETD,11-12-22 220,220,NOCA,45.42946,73.93877,198,40,190,New,Straight,100,"Light drizzle all morning, took very rushed notes and points. Also detected 206, 208, and 212, but could not take their points"
13/11/2022,10:35,BF,11-13-22 NOCA 215,215,NOCA,45.4365,73.9335,202,39,180,New,Straight,100,Edge of fallow field near the suburbs
13/11/2022,10:59,BF,11-13-22 NOCA 222,222,NOCA,45.43473,73.93354,220,49,70,New,Straight,100,Edge of shrubby field beside cornfield
13/11/2022,11:11,BF,11-13-22 NOCA 209,209,NOCA,45.43425,73.933,197,49,74,New,Straight,100,Hedgerow between fields
13/11/2022,11:27,BF,11-13-22 NOCA 214,214,NOCA,45.43367,73.93748,227,49,270,New,Straight,100,Hedgerow near the corn near LODS parking area
15/11/2022,8:27,ACM,15-11-22 NOCA 217,217,NOCA,45.4308,73.93874,249,20,330,New,Straight,5,Next to H1
15/11/2022,8:27,ACM,15-11-22 NOCA 220,220,NOCA,45.4308,73.93874,235,30,330,New,Straight,5,Next to H1
15/11/2022,8:27,ACM,15-11-22 NOCA 219,219,NOCA,45.4308,73.93874,229,30,250,New,Straight,5,Next to H1
15/11/2022,8:34,ACM,15-11-22 NOCA 224,224,NOCA,45.43082,73.93879,246,20,260,New,Straight,5,Next to H1
15/11/2022,8:35,ACM,15-11-22 NOCA 213,213,NOCA,45.43082,73.93879,232,20,30,New,Straight,5,Seen. Next to H1 towards cabin
15/11/2022,8:48,ACM,15-11-22 NOCA 210,210,NOCA,45.43091,73.93854,250,20,320,New,Straight,5,Next to cabin on tree
15/11/2022,9:01,ACM,15-11-22 NOCA 207,207,NOCA,45.43124,73.93878,224,30,80,New,Straight,5,beginning of B/N net lane to the right
15/11/2022,9:07,ACM,15-11-22 NOCA 212,212,NOCA,45.43116,73.93906,232,30,290,New,Straight,5,B/N pond. High water levels. couldn't go further
15/11/2022,9:07,ACM,15-11-22 NOCA 225,225,NOCA,45.43116,73.93906,222,30,290,New,Straight,5,B/N pond. High water levels. couldn't go further
15/11/2022,9:19,ACM,15-11-22 NOCA 214,214,NOCA,45.43197,73.93894,250,20,,New,Straight,5,exact GPS point. hedge warbler alley
15/11/2022,9:23,ACM,15-11-22 NOCA 206,206,NOCA,45.43198,73.93894,232,20,5,New,Straight,5,hedge row warbler alley
15/11/2022,10:27,ACM,15-11-22 NOCA 222,222,NOCA,45.4348,73.9336,245,20,,New,up,5,saw bird. exact GPS point. shrubs in fields next to Ste anne north
15/11/2022,10:37,ACM,15-11-22 NOCA 215,215,NOCA,45.4361,73.93518,250,20,,New,Straight,10,shrubs/hedge next to mowed fields. exact point. bird seen
15/11/2022,10:50,ACM,15-11-22 NOCA 209,209,NOCA,45.43618,73.93285,150,60,120,New,Straight,10,signal coming from Ste-Anne north. Barbara's house
15/11/2022,11:39,ACM,15-11-22 NOCA 211,211,NOCA,45.4386,73.9389,224,30,180,New,Straight,30,Roche 2
15/11/2022,11:53,ACM,15-11-22 NOCA 221,221,NOCA,45.44023,73.93894,187,40,60,New,Straight,30,Roche 2. from edge of field towards woods W
17/11/2022,8:21,ACM,17-11-22 NOCA 210,210,NOCA,45.43108,73.93841,250,20,335,New,Straight,100,Bird seen. Next to cabin
17/11/2022,8:21,ACM,17-11-22 NOCA 207,207,NOCA,45.43108,73.93841,227,30,30,New,Straight,100,Next to cabin
17/11/2022,8:21,ACM,17-11-22 NOCA 220,220,NOCA,45.43108,73.93841,234,30,335,New,Straight,100,Next to cabin
17/11/2022,8:29,ACM,17-11-22 NOCA 212,212,NOCA,45.43129,73.9385,243,20,30,New,Straight,100,Next to cabin
17/11/2022,8:33,ACM,17-11-22 NOCA 206,206,NOCA,45.43178,73.93883,237,30,330,New,Straight,100,warbler alley
17/11/2022,8:54,ACM,17-11-22 NOCA 217,217,NOCA,45.43088,73.93894,246,40,205,New,Straight,100,H1 pond
17/11/2022,9:07,ACM,17-11-22 NOCA 219,219,NOCA,45.42979,73.93891,250,20,225,New,Straight,80,Net A2
17/11/2022,9:13,ACM,17-11-22 NOCA 225,225,NOCA,45.42942,73.9389,235,20,180,New,Straight,90,Path between E1 and D4
17/11/2022,9:20,ACM,17-11-22 NOCA 213,213,NOCA,45.42892,73.93868,233,30,240,New,Straight,90,Lisa's bench pointing towards census trail
17/11/2022,9:30,ACM,17-11-22 NOCA 224,224,NOCA,45.43,73.93832,243,20,45,New,Straight,80,At feeders
17/11/2022,10:00,ACM,17-11-22 NOCA 209,209,NOCA,45.43467,73.93354,222,40,80,New,Straight,80,woods next to fields and ste- anne north
17/11/2022 ,10:03,ACM,17-11-22 NOCA 222,222,NOCA,45.43464,73.93352,243,20,115,New,Straight,80,woods next to fields and ste- anne north
17/11/2022,10:08,ACM,17-11-22 NOCA 215,215,NOCA,45.43436,73.93284,216,30,,New,Straight,80,Saw bird. exact GPS point taken
17/11/2022,10:38,ACM,17-11-22 NOCA 214,214,NOCA,45.43392,73.93759,190,50,240,New,Straight,80,hedge row between corn and sparrow fields. Saw and heard a NOCA and only got S190 while pointing at it. 
17/11/2022,12:18,BF,11-17-2022 NOCA 221,221,NOCA,45.4427,73.93604,250,39,258,New,Straight,100,Shrubby edge near the fallow field
17/11/2022,12:35,BF,11-17-2022 NOCA 211,211,NOCA,45.43797,73.9327,218,49,119,New,Straight,100,In shrubby edge near the suburbs
22/11/2022,8:30,ACM,22-11-22 NOCA 212,212,NOCA,45.43101,73.93831,242,20,90,New,Straight,0,hedge next to cabin
22/11/2022,8:37,ACM,22-11-22 NOCA 225,225,NOCA,45.42958,73.93836,230,30,,New,Straight,0,saw bird. apple tree next to E2
22/11/2022,8:37,ACM,22-11-22 NOCA 207,207,NOCA,45.42963,73.93838,220,30,210,New,Straight,0,towards apple trees next to E
22/11/2022,8:42,ACM,22-11-22 NOCA 219,219,NOCA,45.4297,73.93878,234,20,340,New,Straight,0,towards A nets
22/11/2022,9:02,ACM,22-11-22 NOCA 224,224,NOCA,45.42981,73.93797,220,40,315,New,Straight,0,between feeders and road under GHOW nest
22/11/2022,9:48,ACM,22-11-22 NOCA 220,220,NOCA,45.43165,73.93959,230,20,205,New,Straight,0,last BN nets
22/11/2022,9:52,ACM,22-11-22 NOCA 206,206,NOCA,45.43158,73.93925,237,20,95,New,Straight,0,2nd to last BN net
22/11/2022,9:56,ACM,22-11-22 NOCA 217,217,NOCA,45.43147,73.93909,214,40,120,New,Straight,0,2nd BN
22/11/2022,10:08,ACM,22-11-22 NOCA 213,213,NOCA,45.43085,73.93947,211,30,100,New,Straight,0,back pond behind H1
22/11/2022,11:00,ACM,22-11-22 NOCA 209.2,209,NOCA,45.43437,73.93311,243,30,120,New,Straight,0,ste anne north woods. started getting closer and closer. saw a couple of cardinals fly in front of me when i got the 243 signal and went on to the shrubs next to field. Barbara got it maybe 10 minutes before
22/11/2022,11:11,ACM,22-11-22 NOCA 215,215,NOCA,45.43603,73.93313,193,40,140,New,Straight,0,Ste anne north woods
22/11/2022,9:45,BF,11-22-2022 NOCA 221,221,NOCA,45.43704,73.93006,221,39,197,New,Straight,0,Beside Roche 2 field in open shrubby woods
22/11/2022,9:52,BF,11-22-2022 NOCA 211,211,NOCA,45.43939,73.93914,202,49,119,New,Straight,0,Beside Roche 2 field in open shrubby woods
22/11/2022,10:36,BF,11-22-2022 NOCA 214,214,NOCA,45.43259,73.93676,201,49,230,New,Straight,0,Hedgerow beside the corn field
22/11/2022,10:51,BF,11-22-2022 NOCA 209,209,NOCA,45.43258,73.93677,200,69,85,New,Straight,0,Edge of the fallow fields behind the houses
2/12/2022,9:22,ACM,2-12-22 NOCA 217,217,NOCA,45.4306,73.93928,242,20,,New,Straight,70,GPS on point. hawthorns towards pond by H2. Saw and heard
2/12/2022,9:22,ACM,2-12-22 NOCA 212,212,NOCA,45.4306,73.93928,241,20,,New,Straight,70,GPS on point. hawthorns towards pond by H2. Saw and heard
2/12/2022,9:32,ACM,2-12-22 NOCA 225,225,NOCA,45.43062,73.93965,240,20,180,New,Straight,70,Hawthorns by pond close to trail
2/12/2022,9:32,ACM,2-12-22 NOCA 213,213,NOCA,45.43062,73.93965,241,20,180,New,Straight,70,Hawthorns by pond close to trail
2/12/2022,9:46,ACM,2-12-22 NOCA 224,224,NOCA,45.42957,73.93882,246,40,285,New,Straight,70,Sumacs between A&D nets
2/12/2022,9:56,ACM ,2-12-22 NOCA 220,220,NOCA,45.42883,73.93843,232,30,180,New,Straight,70,Saw bird. Lisa's bench
2/12/2022,10:02,ACM,2-12-22 NOCA 219,219,NOCA,45.42889,73.93839,250,30,,New,Straight,70,Saw bird. Thuja next to Lisa's bench
2/12/2022,10:06,ACM,2-12-22 NOCA 207,207,NOCA,45.42915,73.93851,250,30,,New,Straight,70,Saw bird fly towards this point. Owl net conifers
2/12/2022,10:41,ACM,2-12-22 NOCA 206,206,NOCA,45.43289,73.93945,244,20,40,New,Straight,90,almost exact point. Hearing bird closeby. end hedge of warbler alley
2/12/2022,12:33,ACM,2-12-22 NOCA 222,222,NOCA,45.43356,73.93225,250,30,230,New,Straight,100,hedge next to clearing/fields ste anne north
2/12/2022,12:33,ACM,2-12-22 NOCA 209,209,NOCA,45.43349,73.9322,210,30,180,New,Straight,100,hedge next to clearing/fields ste anne north
2/12/2022,13:01,ACM,2-12-22 NOCA 215,215,NOCA,45.43589,73.93515,250,20,,New,Straight,100,exact point. Bird seen 
2/12/2022,14:03,BF,12-02-2022 NOCA 221,221,NOCA,45.43616,73.939,227,39,240,New,Straight,100,Hedgerow between fallow field and cornfield
2/12/2022,14:03,BF,12-02-2022 NOCA 211,211,NOCA,45.43616,73.939,203,39,240,New,Straight,100,Hedgerow between fallow field and cornfield
8/12/2022,8:37,ACM,8-12-22 NOCA 207,207,NOCA,45.43079,73.93866,247,20,345,New,Straight,5,front of cabin. H1
8/12/2022,8:39,ACM,8-12-22 NOCA 217,217,NOCA,45.43079,73.93866,234,20,345,New,Straight,5,front of cabin. H1
8/12/2022,8:40,ACM,8-12-22 NOCA 213,213,NOCA,45.43077,73.93867,238,20,345,New,Straight,5,front of cabin. H1
8/12/2022,8:36,ACM,8-12-22 NOCA 206,206,NOCA,45.43084,73.93859,236,20,330,New,Straight,5,front of cabin. H1
8/12/2022,8:38,ACM,8-12-22 NOCA 225,225,NOCA,45.43082,73.93859,231,20,330,New,Straight,5,front of cabin. H1
8/12/2022,8:38,ACM,8-12-22 NOCA 224,224,NOCA,45.4308,73.9386,225,20,330,New,Straight,5,front of cabin. H1
8/12/2022,9:19,ACM,8-12-22 NOCA 212,212,NOCA,45.43064,73.94015,248,20,325,New,Straight,5,marshes near C-nets
8/12/2022,9:35,ACM,8-12-22 NOCA 219,219,NOCA,45.42898,73.93865,201,50,280,New,Straight,10,across stoneycroft pond. towards net 7 MAPS
8/12/2022,9:35,ACM,8-12-22 NOCA 220,220,NOCA,45.42898,73.93865,170,50,280,New,Straight,10,across stoneycroft pond. towards net 7 MAPS. Saw two male cardinals in the distance. Probably both 219 and 220
15/12/2022,9:05,ACM,15-12-22 NOCA 206,206,NOCA,45.43238,73.93919,225,40,,New,Straight,5,
15/12/2022,9:45,ACM,15-12-22 NOCA 220,220,NOCA,45.42976,73.93961,218,30,255,New,Straight,5,D1-C1 towards pond
15/12/2022,9:45,ACM,15-12-22 NOCA 207,207,NOCA,45.42986,73.9396,229,20,235,New,Straight,5,D1-C1 towards pond
15/12/2022,9:45,ACM,15-12-22 NOCA 219,219,NOCA,45.42986,73.9396,230,20,235,New,Straight,5,D1-C1 towards pond
15/12/2022,9:45,ACM,15-12-22 NOCA 212,212,NOCA,45.42986,73.9396,238,30,235,New,Straight,5,D1-C1 towards pond
15/12/2022,9:45,ACM,15-12-22 NOCA 213,213,NOCA,45.43004,73.93967,236,20,235,New,Straight,5,D1-C1 towards pond
15/12/2022,9:45,ACM,15-12-22 NOCA 225,225,NOCA,45.43004,73.93967,220,30,235,New,Straight,5,D1-C1 towards pond
15/12/2022,10:20,ACM,15-12-22 NOCA 224,224,NOCA,45.42847,73.93871,231,30,120,New,Straight,20,TRES #1 MAPS
15/12/2022,10:26,ACM,15-12-22 NOCA 217,217,NOCA,45.43016,73.94003,231,20,13,New,Straight,20,right of C1 nets
15/12/2022,12:09,ACM,15-12-22 NOCA 215,215,NOCA,45.43678,73.93193,244,39,220,New,Straight,100,shruby woods behind suburbs
15/12/2022,12:20,ACM,15-12-22 NOCA 209,209,NOCA,45.43604,73.93311,220,59,166,New,Straight,100,fallow fields behind suburbs
15/12/2022,12:20,ACM,15-12-22 NOCA 222,222,NOCA,45.43604,73.93311,212,59,166,New,Straight,100,fallow fields behind suburbs
15/12/2022,12:56,BF,12-15-2022 221,221,NOCA,45.43612,73.93899,224,39,284,New,Straight,100,
21/12/2022,9:00,ACM,21-12-22 NOCA 206,206,NOCA,45.43,73.93842,221,30,70,New,Straight,80,feeders
21/12/2022,9:11,ACM,21-12-22 NOCA 217,217,NOCA,45.42981,73.93822,222,40,75,New,Straight,80,conifers next to feeders
21/12/2022,9:24,ACM,21-12-22 NOCA 220,220,NOCA,45.43114,73.9384,225,30,30,New,Up,80,hedge next to cabin
21/12/2022,9:24,ACM,21-12-22 NOCA 219,219,NOCA,45.43114,73.9384,235,30,30,New,Straight,80,hedge next to cabin
21/12/2022,9:24,ACM,21-12-22 NOCA 213,213,NOCA,45.43114,73.9384,225,30,325,New,Straight,80,hedge next to cabin
21/12/2022,9:36,ACM,21-12-22 NOCA 212,212,NOCA,45.43126,73.93855,220,30,315,New,Straight,80,woods next to B/N
21/12/2022,10:00,ACM,21-12-22 NOCA 225,225,NOCA,45.42891,73.93706,225,30,90,New,Straight,90,Saw birds. Woods next to entrance gate
21/12/2022,10:00,ACM,21-12-22 NOCA 224,224,NOCA,45.42891,73.93706,228,30,185,New,Straight,90,Saw birds. Woods next to entrance gate
21/12/2022,10:36,ACM,21-12-22 NOCA 207,207,NOCA,45.42985,73.93866,250,20,215,New,Straight,80,shrubs/trees next to A nets
21/12/2022,11:05,ACM,21-12-22 NOCA 211,211,NOCA,45.43524,73.93385,215,30,35,New,Straight,100,woods next to fields SADB North
21/12/2022,11:05,ACM,21-12-22 NOCA 209,209,NOCA,45.43516,73.93365,198,40,60,New,Straight,100,woods next to fields SADB North
21/12/2022,11:20,ACM,21-12-22 NOCA 215,215,NOCA,45.43519,73.93361,204,40,85,New,Straight,100,woods next to fields SADB North
21/12/2022,11:50,ACM,21-12-22 NOCA 221,221,NOCA,45.43773,73.9384,206,50,300,New,Straight,80,woods towards Roche coming from sparrow fields
23/12/2022,12:19,BF,12-23-2022 NOCA 222,222,NOCA,45.43672,73.92966,,,,Feeder,,100,Seen at BF's feeder and confirmed with receiver
23/12/2022,12:19,BF,12-23-2022 NOCA 222,215,NOCA,45.43672,73.92966,,,,Feeder,,100,Seen at BF's feeder and confirmed with receiver
04/01/2023,9:20,ACM,04-01-23 NOCA 217,217,NOCA,45.43084,73.93885,235,20,240,New,Straight,100,H1 net
04/01/2023,10:24,ACM,04-01-23 NOCA 213,213,NOCA,45.42892,73.93958,206,40,75,New,Straight,100,MAPS 9
04/01/2023,11:36,ACM,04-01-23 NOCA 207,207,NOCA,45.42969,73.93879,250,20,,New,Straight,100,Seen. GPS on point
04/01/2023,10:34,ACM,04-01-23 NOCA 224,224,NOCA,45.42885,73.93946,211,30,130,New,Straight,100,MAPS between 8 & 7
04/01/2023,10:36,ACM,04-01-23 NOCA 225,225,NOCA,45.42885,73.93946,209,30,165,New,Straight,100,MAPS between 8 & 7
04/01/2023,11:51,ACM,04-01-23 NOCA 219,219,NOCA,45.43089,73.93887,243,20,280,New,Straight,100,H1 net 
04/01/2023,12:23,ACM,04-01-23 NOCA 212,212,NOCA,45.43055,73.93966,248,20,165,New,Straight,100,Back pond. Hawthorns close to intersection of net trails
04/01/2023,12:47,ACM,04-01-23 NOCA 206,206,NOCA,45.43253,73.94022,218,30,200,New,Straight,100,Back of census trail/Arbo edge
07/01/2023,15:24,BF,01-07-2023 NOCA 215,215,NOCA,45.43614,73.939,215,49,,New,Straight,100,At bird feeder in surburban home backing onto large urban forest patch
12/01/2023,10:09,BF,01-12-2023 NOCA 215,215,NOCA,45.43829,73.93108,221,49,150,New,Straight,100,In suburban backyard backing up to larger urban forest
12/01/2023,10:44,BF,01-12-2023 NOCA 211,211,NOCA,45.43764,73.93177,196,69,79,New,Straight,100,In suburban backyard backing up to larger urban forest - best signal I could get as was moving around several backyards with limited access
12/01/2023,9:37,ACM,12-01-2023 NOCA 207,207,NOCA,45.42998,73.93845,244,30,,New,Up,100,O point. saw bird. Feeders.
12/01/2023,9:48,ACM,12-01-2023 NOCA 225,225,NOCA,45.42976,73.93963,237,30,250,New,Straight,100,Group of NOCAs. Bushes towards pond from D nets
12/01/2023,9:48,ACM,12-01-2023 NOCA 224,224,NOCA,45.42976,73.93963,213,30,250,New,Straight,100,Group of NOCAs. Bushes towards pond from D nets
12/01/2023,9:48,ACM,12-01-2023 NOCA 217,217,NOCA,45.42976,73.93963,227,30,290,New,Straight,100,Group of NOCAs. Bushes towards pond from D nets
12/01/2023,10:10,ACM,12-01-2023 NOCA 206,206,NOCA,45.43294,73.94007,216,30,340,New,Straight,100,Back of warbler alley towards arbo
12/01/2023,10:10,ACM,12-01-2023 NOCA 209,209,NOCA,45.43294,73.94007,224,30,340,New,Straight,100,Back of warbler alley towards arbo
12/01/2023,10:10,ACM,12-01-2023 NOCA 213,213,NOCA,45.43294,73.94007,212,30,300,New,Straight,100,Back of warbler alley towards arbo
12/01/2023,10:42,ACM,12-01-2023 NOCA 219,219,NOCA,45.43065,73.94053,214,40,15,New,Straight,100,Wolf fence from back pond. couldnt get closer
19/01/2023,12:58,ACM,19-01-2023 NOCA 222,222,NOCA,45.43113,73.93849,245,30,,New,up,100,up in tree. hedge. next to cabin
19/01/2023,12:53,ACM,19-01-2023 NOCA 212,212,NOCA,45.43112,73.93848,221,40,300,New,Straight,100,B/N woods next to cabin
19/01/2023,13:23,ACM,19-01-2023 NOCA 206,206,NOCA,45.43309,73.93984,216,40,330,New,Straight,100,Arbo woods next to warbler alley
19/01/2023,13:30,ACM,19-01-2023 NOCA 209,209,NOCA,45.43298,73.93992,239,30,270,New,Straight,100,Arbo woods next to warbler alley
19/01/2023,13:45,ACM,19-01-2023 NOCA 217,217,NOCA,45.43096,73.93857,236,30,240,New,Up,100,Tree in front of cabin
19/01/2023,14:21,ACM,19-01-2023 NOCA 225,225,NOCA,45.42908,73.93878,232,30,121,New,Straight,100,Owl nets
19/01/2023,14:23,ACM,19-01-2023 NOCA 207,207,NOCA,45.42908,73.93878,234,30,70,New,Straight,100,Owl nets
19/01/2023,14:23,ACM,19-01-2023 NOCA 224,224,NOCA,45.42908,73.93878,218,30,70,New,Straight,100,Owl nets
19/01/2023,14:12,ACM,19-01-2023 NOCA 213,213,NOCA,45.43,73.93835,246,30,,New,Straight,100,GPS on point. Saw bird at feeders
19/01/2023,14:10,ACM,19-01-2023 NOCA 219,219,NOCA,45.43005,73.93851,208,30,240,New,Straight,100,Shrubs next to A nets
22/01/2023,13:15,ACM,22-01-2023 NOCA 213,213,NOCA,45.43007,73.93834,,,,Capture,,,Caught during winter banding at V3. Transmitter working properly. No chaffing. Bird doing well
25/01/2023,9:39,ACM,25-01-2023 NOCA 217,217,NOCA,45.42976,73.93844,239,30,280,New,Straight,80,Shrubs next to E2 & A nets
25/01/2023,9:42,ACM,25-01-2023 NOCA 219,219,NOCA,45.42976,73.93844,220,30,245,New,Straight,80,Shrubs next to E2 & A nets
25/01/2023,9:50,ACM,25-01-2023 NOCA 224,224,NOCA,45.42956,73.93862,250,20,240,New,Straight,80,Shrubs next to E2. signal moved right after i got close
25/01/2023,10:01,ACM,25-01-2023 NOCA 207,207,NOCA,45.43,73.93841,231,30,90,New,Straight,90,Feeders
25/01/2023,10:10,ACM,25-01-2023 NOCA 225,225,NOCA,45.4299,73.9382,201,40,146,New,Straight,90,conifers next to feeders
25/01/2023,10:34,ACM,25-01-2023 NOCA 213,213,NOCA,45.4308,73.93883,233,40,255,New,Straight,100,Next to H1
25/01/2023,10:34,ACM,25-01-2023 NOCA 209,209,NOCA,45.4308,73.93883,212,40,255,New,Straight,100,Next to H1
25/01/2023,10:49,ACM,25-01-2023 NOCA 206,206,NOCA,45.42996,73.93822,210,40,147,New,Straight,100,conifers next to feeders
25/01/2023,10:45,ACM,25-01-2023 NOCA 212,212,NOCA,45.42996,73.93822,205,40,105,New,Straight,100,conifers next to feeders
25/01/2023,13:22,BF,01-25-2023 NOCA 222,222,NOCA,45.43716,73.93143,223,69,75,New,Straight,100,suburban backyard
25/01/2023,13:30,BF,01-25-2023 NOCA 211 ,211,NOCA,45.43872,73.93103,239,39,240,New,Straight,100,suburban backyard backing up to forest
25/01/2023,13:45,BF,01-25-2023 NOCA 215,215,NOCA,45.43839,73.93183,244,49,208,New,Straight,100,suburban backyard backing up to forest
08/02/2023,14:00,ACM,08-02-2023 NOCA 217,217,NOCA,45.43002,73.93859,215,30,220,New,Straight,90,Shrubs next to net lanes A
08/02/2023,14:09,ACM,08-02-2023 NOCA 219,219,NOCA,45.42998,73.93844,225,30,30,New,Straight,90,Feeders
08/02/2023,14:20,ACM,08-02-2023 NOCA 213,213,NOCA,45.43057,73.93891,217,30,90,New,Straight,100,Towards H2 nets
08/02/2023,14:32,ACM,08-02-2023 NOCA 207,207,NOCA,45.43111,73.93826,216,30,90,New,Straight,100,From feeders to conifers
08/02/2023,14:38,ACM,08-02-2023 NOCA 224,224,NOCA,45.43053,73.93805,220,30,30,New,Straight,100,Towards hedge row
08/02/2023,14:48,ACM,08-02-2023 NOCA 212,212,NOCA,45.4315,73.93868,231,40,20,New,Straight,100,Warbler alley beginning
08/02/2023,14:48,ACM,08-02-2023 NOCA 206,206,NOCA,45.4315,73.93868,205,30,300,New,Straight,100,Warbler alley beginning
08/02/2023,15:16,ACM,08-02-2023 NOCA 225,225,NOCA,45.43004,73.93792,221,30,200,New,Straight,40,conifers next to feeders
16/02/2023,14:05,BF,02-16-2023 NOCA 222,222,NOCA,45.43683,73.93023,233,29,250,New,Straight,100,suburban backyard cedar hedge
16/02/2023,14:23,BF,02-16-2023 NOCA 221/215,221,NOCA,45.43879,73.9309,232,39,179,New,Straight,100,suburban backyard backing up to forest
16/02/2023,14:25,BF,02-16-2023 NOCA 221/215,215,NOCA,45.43879,73.9309,211,39,210,New,Straight,100,suburban backyard backing up to forest
16/02/2023,14:25,BF,02-16-2023 NOCA 221/215,211,NOCA,45.43879,73.9309,220,39,210,New,Straight,100,suburban backyard backing up to forest
16/02/2023,9:56,ACM,16-02-2023 NOCA 217,217,NOCA,45.43005,73.93793,223,40,280,New,Straight,100,conifers next to feeders
16/02/2023,10:35,ACM,16-02-2023 NOCA 212,212,NOCA,45.42923,73.93922,212,40,210,New,Straight,100,Other side of pond from D1
16/02/2023,10:41,ACM,16-02-2023 NOCA 207,207,NOCA,45.42923,73.93922,228,40,210,New,Straight,100,other side of pond from D1
16/02/2023,10:51,ACM,16-02-2023 NOCA 225,225,NOCA,45.42912,73.93904,216,50,225,New,Straight,100,Lisa's bench in front of pond
16/02/2023,10:51,ACM,16-02-2023 NOCA 206,206,NOCA,45.42912,73.93904,204,30,225,New,Straight,100,Lisa's bench on other side of pond
22/02/2023,14:45,LAT,22-02-2023 NOCA 212,212,NOCA,45.43013,73.93824,211,40,240,New,Straight,60,MBO Feeders
22/02/2023,14:55,LAT,22-02-2023 NOCA 225,225,NOCA,45.43009,73.93832,201,40,230,New,Straight,60,MBO Feeders
22/02/2023,14:58,LAT,22-02-2023 NOCA 206,206,NOCA,45.43002,73.93835,185,40,237,New,Straight,60,MBO Feeders
22/02/2023,15:00,LAT,22-02-2023 NOCA 207,207,NOCA,45.42996,73.93826,189,40,176,New,Straight,60,MBO Feeders
22/02/2023,15:40,ACM,22-02-2023 NOCA 217,217,NOCA,45.43032,73.93958,243,19,340,New,Straight,10,
22/02/2023,16:37,ACM,22-02-2023 NOCA 219,219,NOCA,45.43453,73.94603,200,19,,New,Straight,10,
01/03/2023,14:50,ACM,01-03-2023 NOCA 222,222,NOCA,45.43695,73.93084,220,29,15,New,Straight,100,house almost in front of B's house
01/03/2023,15:15,ACM,01-03-23 NOCA 215,215,NOCA,45.43805,73.93185,171,59,336,New,Straight,100,
01/03/2023,15:22,ACM,01-02-23 NOCA 211,211,NOCA,45.43831,73.93089,179,59,1,New,Straight,100,
01/03/2023,17:10,ACM,01-02-23 NOCA 209,209,NOCA,45.43595,73.94028,300,,,New,Straight,100,TAG ONLY dead bird predation
01/03/2023,15:03,LAT,01-03-2023 NOCA 207,207,NOCA,45.43018,73.93834,210,40,261,New,Straight,100,MBO Feeders
01/03/2023,15:14,LAT,01-03-2023 NOCA 217,217,NOCA,45.43068,73.93987,227,40,48,New,Straight,100,Between H2 and pond
01/03/2023,16:07,LAT,01-03-2023 NOCA 225,225,NOCA,45.42894,73.93848,173,40,7,New,Straight,100,TRES #14
01/03/2023,15:46,LAT,01-03-2023 NOCA 212,212,NOCA,45.42865,73.9379,129,60,335,New,Straight,100,Between MAPS 1-3
01/03/2023,16:35,LAT,01-03-2023 NOCA 206,206,NOCA,45.42929,73.94004,163,60,55,New,Straight,100,Big bend of MAPS trail before net 9
03/03/2023,10:05,LAT,3-3-2023 NOCA 206,206,NOCA,45.43018,73.93834,230,40,169,New,Straight,0,MBO Feeders
03/03/2023,10:15,LAT,3-3-2023 NOCA 225,225,NOCA,45.42939,73.93892,211,40,248,New,Straight,0,E2
03/03/2023,10:15,LAT,3-3-2023 NOCA207,207,NOCA,45.42938,73.93833,208,40,248,New,Straight,0,E2
03/03/2023,10:52,LAT,3-3-2023 NOCA 219,219,NOCA,45.43269,73.93982,206,40,86,New,Straight,0,End of warbler alley. Heard calling
03/03/2023,10:52,LAT,3-3-2023 NOCA 217,217,NOCA,45.43277,73.93998,204,40,86,New,Straight,0,End of warbler alley. Heard calling
03/03/2023,11:46,LAT,3-3-2023 NOCA 212,212,NOCA,45.42983,73.93833,217,40,48,New,Straight,0,MBO Feeders
09/03/2023,11:09,LAT,9-3-2023 NOCA217,217,NOCA,45.42869,73.93668,217,40,340,New,Straight,90,Wood shed near MBO cabin 
09/03/2023,11:39,LAT,9-3-2023 NOCA 219,219,NOCA,45.43029,73.9382,216,40,222,New,Straight,90,MBO Feeders
09/03/2023,11:42,LAT,9-3-2023 NOCA206,206,NOCA,45.43018,73.93822,202,40,236,New,Straight,90,MBO Feeders
09/03/2023,11:50,LAT,9-3-2023 NOCA225,225,NOCA,45.43,73.93819,222,40,101,New,Straight,90,MBO Feeders
09/03/2023,13:28,LAT,9-3-2023 NOCA212,212,NOCA,45.42952,73.94134,179,50,76,New,Straight,90,Arbo road @ NSOW shortcut entrance (Heard singing at end of C2)
09/03/2023,,LAT,,222,,,,,,,New,,,Detected
09/03/2023,,LAT,,207,,,,,,,New,,,Detected
12/03/2023,14:29,LAT,12-3-2023 NOCA 212,212,NOCA,45.43016,73.93791,206,30,320,New,Straight,10,Old GHOW nest (road from MBO gate to cabin)
12/03/2023,14:38,LAT,12-3-2023 NOCA 217,217,NOCA,45.43125,73.93852,250,30,164,New,Straight,10,Beginning Warbler Alley
12/03/2023,14:58,LAT,12-3-2023 NOCA 219/225,219,NOCA,45.42934,73.93868,231,30,146,New,Straight,15,Conifers at E nets. Seen+heard
12/03/2023,14:58,LAT,12-3-2023 NOCA 219/225,225,NOCA,45.42934,73.93868,207,30,146,New,Straight,15,Conifers at E nets. Seen+heard
12/03/2023,15:35 OR 15:40,LAT,12-3-2023 NOCA 207/213,207,NOCA,45.42935,73.94051,158 OR 131,60 OR 50,207,New,Uphill,10,Bottom of the hill near obs tower on MAPS road after C2. 206&207&213 were up the hill but the snow was too deep even with snowshoes to climb the hill and they'd moved by the time I got back to the car and drove to the top of the hill
12/03/2023,15:35,LAT,12-3-2023 NOCA 207/213,213,NOCA,45.42935,73.94051,132,60,207,New,Uphill,10,Bottom of the hill near obs tower on MAPS road after C2. 206&207&213 were up the hill but the snow was too deep even with snowshoes to climb the hill and they'd moved by the time I got back to the car and drove to the top of the hill
12/03/2023,15:42,LAT,12-3-2023 NOCA 206,206,NOCA,45.42928,73.94037,134,70,190,New,Uphill,10,Bottom of the hill near obs tower on MAPS road after C2. 206&207&213 were up the hill but the snow was too deep even with snowshoes to climb the hill and they'd moved by the time I got back to the car and drove to the top of the hill
12/03/2023,,LAT,,211,NOCA,,,,,,New,,,Detected
15/03/2023,15:00,LAT,15-3-2023 NOCA 206/225,206,NOCA,45.43,73.93803,201,30,0,New,Straight,20,Under old GHOW nest
15/03/2023,15:00,LAT,15-3-2023 NOCA 206/225,225,NOCA,45.43,73.93803,217,30,0,New,Straight,20,Under old GHOW nest
15/03/2023,15:30,LAT,15-3-2023 NOCA 212,212,NOCA,45.43023,73.93995,209,30,27,New,Straight,10,Net C1. Seen.
15/03/2023,15:42,LAT,15-3-2023 NOCA 207/213,207,NOCA,45.42915,73.94025,114,50,5,New,Straight,10,Bottom of the hill between C2 and the observation tower on the MAPS trails
15/03/2023,15:42,LAT,15-3-2023 NOCA 207/213,213,NOCA,45.42915,73.94025,123,50,5,New,Straight,10,Bottom of the hill between C2 and the observation tower on the MAPS trails
15/03/2023,16:07,LAT,15-3-2023 NOCA 217,217,NOCA,45.43001,73.93832,245,30,351,New,Straight,0,MBO Feeders
15/03/2023,16:16,LAT,15-3-2023 NOCA 219,219,NOCA,45.43006,73.93808,195,40,0,New,Straight,0,Under old GHOW nest
17/03/2023,12:20,BF,3-17-2023 NOCA 215,215,NOCA,45.4873,73.93111,220,39,225,New,Straight,100,At bird feeder in surburban home backing onto large urban forest patch
17/03/2023,12:45,BF,3-17-2023 NOCA 211,211,NOCA,45.43729,73.93149,205,49,,New,Straight,100,In suburban backyard
17/03/2023,12:45,BF,3-17-2023 NOCA 222,222,NOCA,45.43729,73.93149,188,59,,New,Straight,100,Moving around several suburban backyards and had to stop due to rain
17/03/2023,12:45,BF,3-17-2023 NOCA 221 ,221,NOCA,,,,,,New,Straight,,Detected at low signals but was not able to locate and had to stop due to rain
19/03/2023,13:26,LAT,19-3-2023 NOCA 206,206,NOCA,45.4301,73.93834,202,30,192,New,Straight,10,MBO Feeders
19/03/2023,13:26,LAT,19-3-2023 NOCA 219,219,NOCA,45.4301,73.93834,225,30,192,New,Straight,10,MBO Feeders
19/03/2023,13:36,LAT,19-3-2023 NOCA 225,225,NOCA,45.42914,73.93837,203,30,188,New,Straight,10,Conifers at E nets
19/03/2023,13:49,LAT,19-3-2023 NOCA 212,212,NOCA,45.43007,73.93894,207,30,14,New,Straight,10,Patch of thorns between A1 and the TRES field
19/03/2023,13:49,LAT,19-3-2023 NOCA 217,217,NOCA,45.43007,73.93894,216,30,14,New,Straight,10,Patch of thorns between A1 and the TRES field
19/03/2023,14:21,LAT,19-3-2023 NOCA 207,207,NOCA,45.42868,73.93969,113,70,118,New,Straight,5,MAPS Net 8
21/03/2023,9:12,LAT,21-3-2023 NOCA 215,215,NOCA,45.43667,73.93143,217,40,240,New,Straight,90,Backyard on Tremblay/Lebeau in Ste-Anne North
21/03/2023,9:12,LAT,21-3-2023 NOCA 211,211,NOCA,45.43667,73.93143,198,40,240,New,Straight,90,Backyard on Tremblay/Lebeau in Ste-Anne North
21/03/2023,,LAT,,221,NOCA,,,,,,New,,90,Detected
21/03/2023,10:19,LAT,21-3-2023 NOCA 225,225,NOCA,45.42905,73.93892,200,30,247,New,Straight,80,Lisa's bench. Seen crossing Stoneycroft towards MAPS 
21/03/2023,10:54,LAT,21-3-2023 NOCA 217,217,NOCA,45.43133,73.93887,225,20,80,New,Straight,50,Net B1. Heard singing in Warbler Alley
21/03/2023,10:30,ACM,21-03-23 NOCA 206,206,NOCA,45.4333,73.93993,227,30,290,New,Straight,40,end of b/n arbo edge
21/03/2023,11:32,ACM,21-03-23 NOCA 210,210,NOCA,45.43189,73.94028,300,,,New,Straight,40,Found tag inside WODU nest box next to b/n
21/03/2023,,LAT,,219,NOCA,,,,,,New,,,Detected
21/03/2023,,LAT,,207,NOCA,,,,,,New,,,Detected. Ana and I both agree this tag has been giving off weird signals and is a fallen tag/dead bird. Will try and retrieve it in the spring.
21/03/2023,,LAT,,213,NOCA,,,,,,New,,,Detected. Ana and I both agree this tag has been giving off weird signals and is a fallen tag/dead bird. Will try and retrieve it in the spring.
24/03/2023,15:00,LAT,24-3-2023 NOCA206/217,217,NOCA,45.43008,73.93829,250,20,40,New,Straight,0,MBO Feeders
24/03/2023,15:00,LAT,24-3-2023 NOCA206/217,206,NOCA,45.43008,73.93829,227,20,111,New,Straight,0,MBO Feeders
24/03/2023,16:25,LAT,24-3-2023 NOCA219,219,NOCA,45.43041,73.93931,163,50,50,New,Straight,0,Gravel pile at C1
24/03/2023,,LAT,,211,NOCA,,,,,,New,,,Detected towards Sainte-Anne North/fields
24/03/2023,,LAT,,215,NOCA,,,,,,New,,,Detected towards Sainte-Anne North/fields
24/03/2023,,LAT,,216,NOCA,,,,,,New,,,Detected from census trail that connect BN lane to Warbler alley. One weak signal towards Arbo/wolf pen and one weak signal towards fields/corner of Warbler Alley
24/03/2023,,LAT,,212,NOCA,,,,,,New,,,Detected
24/03/2023,,LAT,,225,NOCA,,,,,,New,,,Detected
25/03/2023,9:17,LAT,25-3-2023 NOCA215,215,NOCA,45.43704,73.93157,204,40,355,New,Straight,100,Backyard on Tremblay/Lebeau in Ste-Anne North. Maybe heard singing.
25/03/2023,10:08,LAT,,136,NOCA,,,,,,New,,100,Detected on Meloche/Ste-Marie towards fields. Old HETH tag. Probable false detection?
27/03/2023,10:25,LAT,27-3-2023 NOCA217,217,NOCA,45.43124,73.93874,228,20,92,New,Straight,90,Heard singing in Warbler Alley from B1
27/03/2023,10:44,LAT,27-3-2023 NOCA206,206,NOCA,45.4333,73.93986,220,30,322,New,Straight,90,In trees at the end of Warbler Alley past the fence pannel. No detection at G=20
27/03/2023,12:04,LAT,27-3-2023 NOCA212,212,NOCA,45.43161,73.93625,236,20,44,New,Straight,75,Hedge of trees that separates MBO fields from next ones. Heard singing.
27/03/2023,12:59,LAT,,257,,,,,,,New,,,Detected on the parking of Ecomuseum towards picnic area. Probable noise.
27/03/2023,,LAT,,225,NOCA,,,,,,New,,,Detected several times from MBO towards Ecomuseum but kept losing it as I drove around Ecomuseum/CRA/condo complex on Ste-Marie (G=80) Picked it up again inside MBO but disappeared as I went in.
27/03/2023,,LAT,,215,NOCA,,,,,,New,,,Detected from BN lane towards fields/Ste-Anne North
27/03/2023,,LAT,,216,NOCA,,,,,,New,,,Detected from census trail that connect BN lane to Warbler alley. One weak signal towards Arbo/wolf pen and one weak signal towards fields/corner of Warbler Alley
29/03/2023,15:37,LAT,29-3-2023 NOCA217,217,NOCA,45.42998,73.93839,229,30,359,New,Straight,90,MBO Feeders
29/03/2023,16:10,LAT,29-3-2023 NOCA206,206,NOCA,45.43075,73.93958,194,40,36,New,Straight,70,On the pond between C1-H1
29/03/2023,,LAT,27-3-2023 NOCA226,,NOCA,,,,,,New,Straight,,
29/03/2023,15:09,ACM,29/03/2023 NOCA 225,225,NOCA,45.43071,73.93564,230,20,,New,Straight,100,saw bird. on point middle hedge row fields
29/03/2023,15:19,ACM,29/03/2023 NOCA 212,212,NOCA,45.43137,73.93613,234,29,,New,Straight,100,saw bird. on point. middle hedge row fields a bit more north than 225
3/4/2023,9:57,LAT,3-4-2023 NOCA225,225,NOCA,45.435,73.93894,205,30,55,New,Straight,100,Bushes of aubépines between A nets and the feeders at MBO. Singing at the feeders
3/4/2023,10:11,LAT,3-4-2023 NOCA217,217,NOCA,45.42993,73.93839,241,30,319,New,Straight,100,Between TRES#25 and bins of seeds at MBO
3/4/2023,10:16,LAT,3-4-2023 NOCA206,206,NOCA,45.43034,73.93778,212,30,60,New,Straight,100,End of path to banding cabin at MBO
3/4/2023,10:33,LAT,3-4-2023 NOCA212,212,NOCA,45.43137,73.93654,203,30,100,New,Straight,90,Hedge between fields at MBO
3/4/2023,10:40,LAT,,219,NOCA,,,,,,New,Straight,100,"Flashed from the fields towards the Arboretum, only once"
3/4/2023,11:20,LAT,3-4-2023 NOCA215,215,NOCA,45.43869,73.9311,249,30,214,New,Straight,100,Backyard on Aumais/Tremblay
13/4/2023,13:08,ACM,13-4-23 NOCA 225,225,NOCA,45.43069,73.93906,232,19,,New,Straight,0,Saw bird. flooded area next to H2
13/4/2023,13:48,ACM,13-4-23 NOCA 217,217,NOCA,45.43155,73.93067,235,29,,New,Straight,0,Saw bird. warbler alley towards b/n