"Date","Time","Site","Tracker_ID","ID","Band","Colour_L","Colour_R","Sex","GPS_ID","Lat","Lon","Signal","Gain","Angle","Direction","Receiver","Temperature","Wind","Cloud","Precipitations","Snow_depth","Snow_hardness","Snow_water","Distance_new","new_lon","new_lat"
2024-11-23,"8:30",2,"LF","641","2991-46022","Yellow/Black","Metal/Green","M","11-23-24 NOCA641",45.43098,-73.93835,207,20,15,"UP","NEW",5,9,100,"0","0",0,0,15,-73.93830038823,45.4311103658446
2024-11-23,"8:45",2,"LF","645","2651-73169","Yellow/Green","Metal/Green","M","11-23-24 NOCA645",45.43069,-73.9388,202,30,274,"straight","NEW",5,9,100,"0","0",0,0,25,-73.939118694763,45.4307056906549
2024-11-26,"10:04",2,"AMC","641","2991-46022","Yellow/Black","Metal/Green","M","11-29-24 NOCA641-627",45.4295,-73.93832,230,20,NA,NA,"NEW",1,14,90,"0","0",0,0,15,-73.93832,45.4295
2024-12-01,"11:20",2,"LF","645","2651-73169","Yellow/Green","Metal/Green","M","12-01-24 NOCA645",45.43132,-73.93851,250,20,50,"straight","NEW",-1,19,60,"0","0",0,0,15,-73.93836315988,45.431406753515
2024-12-06,"14:25",2,"ET","645","2651-73169","Yellow/Green","Metal/Green","M","12-06-24 NOCA645",45.43098,-73.93837,235,30,1,"straight","NEW",-6,24,20,"0","0",0,0,25,-73.9383644243785,45.4312049068464
2024-12-13,"10:20",2,"LF","645","2651-73169","Yellow/Green","Metal/Green","M","12-13-24 NOCA645",45.43003,-73.93849,222,20,205,"straight","NEW",-6,18,10,"0","9",1,1,15,-73.9385710079285,45.4299076804215
2024-12-13,"10:30",2,"LF","641","2991-46022","Yellow/Black","Metal/Green","M","12-13-24 NOCA641",45.42905,-73.9381,220,20,230,"UP","NEW",-6,20,5,"0","9",1,1,15,-73.9382468337841,45.4289632462603
2024-12-22,"8:40",2,"LF","641","2991-46022","Yellow/Black","Metal/Green","M","12-22-24 NOCA641",45.42997,-73.93848,222,20,218,"straight","NEW",-16,20,5,"0","10",3,2,15,-73.9385980105701,45.4298636463107
2024-12-22,"8:45",1,"LF","625b","2991-46026","Green/Green","Metal/Green","M","12-22-24 NOCA625",45.42998,-73.93848,233,20,218,"straight","NEW",-16,20,5,"0","10",3,2,15,-73.9385980105909,45.4298736463109
2024-12-22,"9:00",2,"LF","645","2651-73169","Yellow/Green","Metal/Green","M","12-22-24 NOCA645",45.43048,-73.93918,217,20,214,"straight","NEW",-16,20,0,"0","10",3,2,15,-73.939287187576,45.4303681091594
2025-01-02,"9:50",2,"LF","645","2651-73169","Yellow/Green","Metal/Green","M","01-02-25 NOCA645",45.42904,-73.938,211,30,127,"UP","NEW",-1,28,100,"0","5",3,1,25,-73.9377448656457,45.4289046267276
2025-01-02,"10:20",1,"LF","625b","2991-46026","Green/Green","Metal/Green","M","01-02-25 NOCA625b",45.43024,-73.93998,223,20,110,"straight","NEW",-1,36,100,"0","5",3,1,15,-73.9397998777852,45.4301938392173
2025-01-02,"10:40",2,"LF","641","2991-46022","Yellow/Black","Metal/Green","M","01-02-25 NOCA641",45.43029,-73.93999,199,30,4,"UP","NEW",-1,30,100,"0","5",3,1,25,-73.9399677147665,45.430514393186
2025-01-07,"9:15",1,"LF","625b","2991-46026","Green/Green","Metal/Green","M","01-07-25 NOCA625b",45.42982,-73.93848,209,30,195,"straight","NEW",-9,22,100,"0","7",1,1,25,-73.938562684082,45.4296027234935
2025-01-07,"9:30",2,"LF","645","2651-73169","Yellow/Green","Metal/Green","M","01-07-25 NOCA645",45.43024,-73.93782,249,20,200,"straight","NEW",-8,22,100,"0","7",1,1,15,-73.9378855590313,45.4301131746622
2025-01-07,"9:40",2,"LF","641","2991-46022","Yellow/Black","Metal/Green","M","01-07-25 NOCA641",45.42848,-73.93703,219,20,236,"UP","NEW",-8,22,100,"0","7",1,1,15,-73.9371889066066,45.4284045285722
2025-01-14,"10:30",2,"LF","641","2991-46022","Yellow/Black","Metal/Green","M","01-14-25 NOCA641",45.43579,-73.94461,200,30,127,"UP","NEW",-5,20,90,"0","17",1,1,25,-73.9443548352305,45.4356546268882
2025-01-14,"11:40",2,"LF","645","2651-73169","Yellow/Green","Metal/Green","M","01-14-25 NOCA6345",45.42871,-73.93086,216,20,86,"UP","NEW",-4,24,100,"0","17",1,1,15,-73.930668789849,45.4287194145029
2025-02-08,"8:30",2,"LF","645","2651-73169","Yellow/Green","Metal/Green","M","02-08-25 NOCA645",45.43122,-73.93854,210,30,146,"UP","NEW",-11,9,0,"0","27",1,2,25,-73.9383613519408,45.4310335152328
2025-02-11,"12:30",2,"LF","645","2651-73169","Yellow/Green","Metal/Green","M","02-11-25 NOCA645",45.43015,-73.9378,208,30,220,"straight","NEW",-5,24,40,"0","25",1,1,25,-73.9380053506352,45.4299776848999
2025-02-22,"8:35",1,"LF","625b","2991-46026","Green/Green","Metal/Green","M","02-22-25 NOCA625b",45.42359,-73.93607,212,30,96,"straight","NEW",-14,11,0,"0","46",1,1,25,-73.9357523171717,45.423566486779
2025-02-22,"10:00",2,"LF","645","2651-73169","Yellow/Green","Metal/Green","M","02-22-25 NOCA645",45.43009,-73.93855,207,30,222,"straight","NEW",-11,9,0,"0","46",1,1,25,-73.9387637661957,45.429922835949
2025-03-06,"11:00",2,"LF","645","2651-73169","Yellow/Green","Metal/Green","M","03-06-25 NOCA645",45.4304,-73.93922,220,20,238,"straight","NEW",4,17,100,"0","29",2,5,15,-73.9393825559902,45.4303284794999
2025-03-13,"9:00",1,"LF","625b","2991-46026","Green/Green","Metal/Green","M","03-13-25 NOCA625b",45.42361,-73.93592,211,30,98,"straight","NEW",-9,9,30,"0","24",4,2,25,-73.9356036759149,45.4235786937694
2025-03-13,"10:30",2,"LF","645","2651-73169","Yellow/Green","Metal/Green","M","03-13-25 NOCA645",45.42995,-73.93848,231,20,94,"straight","NEW",-4,12,20,"0","24",4,2,15,-73.9382887857257,45.429940585179
2025-03-18,"9:20",1,"LF","625b","2991-46026","Green/Green","Metal/Green","M","03-18-25 NOCA625b",45.42559,-73.93602,235,20,270,"UP","NEW",-3,4,0,"0","7",4,4,15,-73.9362116664758,45.4255899998392
2025-03-18,"10:30",2,"LF","645","2651-73169","Yellow/Green","Metal/Green","M","03-18-25 NOCA645",45.43059,-73.93869,217,30,263,"UP","NEW",1,7,0,"0","7",4,4,25,-73.9390070908786,45.4305625861325
2025-03-25,"9:00",1,"LF","625b","2991-46026","Green/Green","Metal/Green","M","03-25-25 NOCA625b",45.43087,-73.93834,201,30,125,"straight","NEW",2,15,95,"0","5",2,2,25,-73.9380783028897,45.4307409787757
2025-03-25,"9:30",2,"LF","645","2651-73169","Yellow/Green","Metal/Green","M","03-25-25 NOCA645",45.4304,-73.93798,223,30,135,"UP","NEW",2,17,100,"0","5",2,2,25,-73.9377541003412,45.4302409423735
2025-04-05,"8:30",2,"LF","645","2651-73169","Yellow/Green","Metal/Green","M","04-05-25 NOCA645",45.43089,-73.9391,197,30,209,"UP","NEW",2,13,100,"0","0",0,0,25,-73.9392548835416,45.4306932619602
2025-04-05,"8:45",1,"LF","625b","2991-46026","Green/Green","Metal/Green","M","04-05-25 NOCA625b",45.43151,-73.93867,226,20,269,"UP","NEW",2,13,100,"0","0",0,0,15,-73.9388616573097,45.4315076443812
2025-04-08,"8:30",2,"LF","645","2651-73169","Yellow/Green","Metal/Green","M","04-08-25 NOCA645",45.43163,-73.93872,244,20,43,"UP","NEW",-1,26,100,"0","6",1,3,15,-73.9385892696079,45.4317287068214
2025-04-08,"8:45",1,"LF","625b","2991-46026","Green/Green","Metal/Green","M","04-08-25 NOCA625b",45.43161,-73.93872,225,20,43,"UP","NEW",-1,26,100,"0","6",1,3,15,-73.9385892696541,45.4317087068217
2025-04-13,"9:45",1,"LF","625b","2991-46026","Green/Green","Metal/Green","M","04-13-25 NOCA625b",45.42985,-73.93959,201,40,223,"UP","NEW",6,11,98,"0","0",0,0,35,-73.9398950262211,45.4296196834229
2025-04-13,"10:30",2,"LF","645","2651-73169","Yellow/Green","Metal/Green","M","04-13-25 NOCA645",45.43036,-73.93975,234,30,232,"UP","NEW",7,19,85,"0","0",0,0,25,-73.9400017459937,45.4302215121298
2025-04-17,"8:50",1,"LF","625b","2991-46026","Green/Green","Metal/Green","M","04-17-25 NOCA625b",45.43154,-73.9387,232,20,60,"straight","NEW",1,19,0,"0","0",0,0,15,-73.9385339943249,45.4316074822055
2025-04-17,"9:35",2,"LF","645","2651-73169","Yellow/Green","Metal/Green","M","04-17-25 NOCA645",45.43005,-73.93933,215,30,221,"straight","NEW",1,26,0,"0","0",0,0,25,-73.93953959008,45.4298802345663
2025-04-19,"13:35",2,"LF","645","2651-73169","Yellow/Green","Metal/Green","M","04-19-25 NOCA645",45.43166,-73.93874,225,20,16,"straight","NEW",19,17,100,"0","0",0,0,15,-73.9386871637755,45.4317897363348
2025-04-22,"13:00",2,"LF","645","2651-73169","Yellow/Green","Metal/Green","M","04-22-25 NOCA645",45.43082,-73.9386,214,30,163,"straight","NEW",10,20,100,"0","0",0,0,25,-73.9385065953056,45.4306048876978
2025-05-08,"13:10",4,"FPL","627","2991-10810","Blue/White","Metal/Green","M","05-08-25 NOCA627",45.4311,-73.93875,149,30,45,"straight","OLD",10,10,100,"0","0",0,0,25,-73.9385240962797,45.4312590571557
2025-05-08,"13:56",4,"FPL","641","2991-46022","Yellow/Black","Metal/Green","M","05-08-25 NOCA641",45.43053,-73.94024,141,40,215,"straight","OLD",11,10,100,"0","0",0,0,35,-73.9404965370807,45.4302720343269
2025-05-14,"11:16",4,"FPL","627","2991-10810","Blue/White","Metal/Green","M","05-14-25 NOCA627",45.43144,-73.93903,156,20,56,"DOWN","OLD",23,6,0,"0","0",0,0,15,-73.9388710846637,45.4315154711665
2025-05-14,"11:44",4,"FPL","641","2991-46022","Yellow/Black","Metal/Green","M","05-14-25 NOCA641",45.43036,-73.94043,203,10,58,"DOWN","OLD",23,7,0,"0","0",0,0,10,-73.9403216291883,45.4304076802047
2025-05-21,"13:33",4,"FPL","627","2991-10810","Blue/White","Metal/Green","M","05-21-25 NOCA627",45.42981,-73.93754,153,30,50,"straight","OLD",14,15,100,"0","0",0,0,25,-73.9372952727425,45.4299545891245
2025-05-27,"10:00",4,"FPL","627","2991-10810","Blue/White","Metal/Green","M","05-27-25 NOCA627",45.43119,-73.93852,185,10,90,"DOWN","OLD",20,5,0,"0","0",0,0,10,-73.9383922097138,45.4311899999285
2024-10-16,"12:29",6,"AMC","610","2651-73176","Blue/Blue","Metal/Yellow","F","10-16-24 NOCA 610",45.45885,-73.64362,207,40,263,"STRAIGHT","NEW",9,15,80,"0","0",0,0,35,-73.6440641488477,45.4588116205288
2024-10-19,"10:35",6,"AMC","610","2651-73176","Blue/Blue","Metal/Yellow","F","10-19-24 NOCA 610",45.45844,-73.64375,232,30,234,"UP","NEW",11,14,0,"0","0",0,0,25,-73.6440085851443,45.4583077832768
2024-10-25,"14:06",6,"FPL","610","2651-73176","Blue/Blue","Metal/Yellow","F","10-25-24 NOCA 610",45.45975,-73.64852,144,30,223,"STRAIGHT","OLD",11,4,10,"0","0",0,0,25,-73.6487379912519,45.459585489108
2024-10-26,"9:34",6,"FPL","610","2651-73176","Blue/Blue","Metal/Yellow","F","10-26-24 NOCA 610",45.45894,-73.64966,190,30,232,"STRAIGHT","OLD",6,22,40,"0","0",0,0,25,-73.6499118731426,45.4588015128255
2024-10-28,"9:20",6,"FPL","610","2651-73176","Blue/Blue","Metal/Yellow","F","10-28-24 NOCA 610",45.45954,-73.65041,145,30,180,"STRAIGHT","OLD",-1,3,0,"0","0",0,0,25,-73.65041,45.4593150600146
2024-11-01,"13:32",5,"AMC","616","2651-73140","Blue/White","Metal/Yellow","F","11-01-24 NOCA 616",45.46088,-73.64035,250,20,245,"STRAIGHT","NEW",14,34,50,"0","0",0,0,15,-73.6405238169789,45.4608229616347
2024-11-04,"14:00",6,"FPL","610","2651-73176","Blue/Blue","Metal/Yellow","F","10-25-24 NOCA 610",45.46067,-73.65065,170,40,5,"STRAIGHT","OLD",8,15,100,"0","0",0,0,35,-73.6506109976735,45.4609837175453
2024-11-04,"14:30",5,"FPL","626","2991-46005","Yellow/White","Metal/Yellow","F","11-03-24 NOCA 626",45.45954,-73.65065,152,30,225,"STRAIGHT","OLD",8,16,100,"0","0",0,0,25,-73.6508760159909,45.4593809431883
2024-11-04,"15:58",6,"FPL","618b","2991-46007","Green/Green","Metal/Yellow","F","11-04-24 NOCA 618B",45.45964,-73.64296,145,30,194,"STRAIGHT","OLD",8,14,100,"1","0",0,0,25,-73.6430373267317,45.4594217416713
2024-11-08,"8:20",6,"FPL","619","2651-73193","Red/Green","Metal/Yellow","F","10-27-24 NOCA 619",45.45046,-73.63988,148,30,300,"STRAIGHT","OLD",9,27,90,"0","0",0,0,25,-73.6401567688344,45.4505724698336
2024-11-15,"8:34",6,"FPL","618b","2991-46007","Green/Green","Metal/Yellow","F","11-15-24 NOCA 618B",45.45108,-73.6369,177,30,15,"UP","OLD",0,4,40,"0","0",0,0,25,-73.6368172842244,45.4512972756261
2024-11-15,"9:04",6,"FPL","619","2651-73193","Red/Green","Metal/Yellow","F","11-15-24 NOCA 619",45.44993,-73.64029,145,40,334,"UP","OLD",1,5,30,"0","0",0,0,35,-73.6404861344093,45.4502130449048
2024-11-15,"11:10",5,"FPL","616","2651-73140","Blue/White","Metal/Yellow","F","11-15-24 NOCA 616",45.44981,-73.64026,153,30,320,"STRAIGHT","OLD",5,10,30,"0","0",0,0,25,-73.6404654232144,45.4499823141299
2024-11-15,"11:15",5,"FPL","626","2991-46005","Yellow/White","Metal/Yellow","F","11-15-24 NOCA 626",45.45863,-73.63597,173,20,240,"STRAIGHT","OLD",5,10,30,"0","0",0,0,15,-73.6361360847526,45.4585625178738
2024-11-15,"11:50",6,"FPL","633","2991-46010","Green/White","Metal/Green","M","11-15-24 NOCA 633",45.46028,-73.63972,140,40,47,"STRAIGHT","OLD",6,10,20,"0","0",0,0,35,-73.6393927209429,45.4604947716765
2024-11-17,"13:10",5,"FPL","634","2991-46013","Black/White","Metal/Yellow","F","11-17-24 NOCA 634",45.46042,-73.64082,141,30,90,"STRAIGHT","OLD",8,11,90,"0","0",0,0,25,-73.6405003592494,45.4604199995528
2024-11-17,"14:00",6,"FPL","610","2651-73176","Blue/Blue","Metal/Yellow","F","11-17-24 NOCA 610",45.46145,-73.65112,148,30,200,"STRAIGHT","OLD",9,10,100,"0","0",0,0,25,-73.6512293251574,45.4612386255745
2024-11-18,"12:00",5,"FPL","634","2991-46013","Black/White","Metal/Yellow","F","11-18-24 NOCA 634",45.46093,-73.64028,150,30,212,"STRAIGHT","OLD",9,17,100,"0","0",0,0,25,-73.6404493847473,45.4607392399952
2024-11-18,"13:10",5,"FPL","616","2651-73140","Blue/White","Metal/Yellow","F","11-18-24 NOCA 616",45.45856,-73.63544,180,20,80,"UP","OLD",9,18,40,"0","0",0,0,15,-73.6352511353179,45.4585834360985
2024-11-18,"13:20",5,"FPL","626","2991-46005","Yellow/White","Metal/Yellow","F","11-18-24 NOCA 626",45.45892,-73.63644,161,20,180,"UP","OLD",9,18,40,"0","0",0,0,15,-73.63644,45.4587850359951
2024-11-18,"13:25",6,"FPL","633","2991-46010","Green/White","Metal/Green","M","11-18-24 NOCA 633",45.45898,-73.63644,158,30,280,"STRAIGHT","OLD",9,18,20,"0","0",0,0,25,-73.636754776894,45.4590190599878
2024-11-18,"15:13",6,"FPL","618b","2991-46007","Green/Green","Metal/Yellow","F","11-18-24 NOCA 618B",45.46176,-73.64972,149,30,28,"STRAIGHT","OLD",10,18,20,"0","0",0,0,25,-73.6495699336756,45.4619586100351
2024-11-24,"9:50",6,"FPL","610","2651-73176","Blue/Blue","Metal/Yellow","F","11-24-24 NOCA 610",45.46122,-73.65044,140,40,230,"STRAIGHT","OLD",3,26,100,"0","0",0,0,35,-73.6507828062504,45.461017575456
2024-11-29,"9:15",5,"FPL","616","2651-73140","Blue/White","Metal/Yellow","F","11-29-24 NOCA 616",45.4588,-73.63398,148,30,42,"UP","OLD",1,11,100,"0","0",0,0,25,-73.6337661240836,45.458967162802
2024-11-29,"10:00",5,"FPL","626","2991-46005","Yellow/White","Metal/Yellow","F","11-29-24 NOCA 626",45.45729,-73.63313,144,40,290,"UP","OLD",1,13,100,"0","0",0,0,35,-73.6335504872119,45.457397706874
2024-11-29,"10:30",6,"FPL","619","2651-73193","Red/Green","Metal/Yellow","F","11-29-24 NOCA 619",45.44995,-73.6402,142,40,350,"STRAIGHT","OLD",2,14,100,"0","0",0,0,35,-73.6402776930949,45.4502601321802
2024-11-29,"11:30",5,"FPL","634","2991-46013","Black/White","Metal/Yellow","F","11-29-24 NOCA 634",45.46087,-73.64047,140,40,190,"UP","OLD",2,15,100,"0","0",0,0,35,-73.6405477072395,45.4605598683455
2024-11-29,"12:32",6,"FPL","633","2991-46010","Green/White","Metal/Green","M","11-29-24 NOCA 633",45.46194,-73.63917,159,30,9,"UP","OLD",3,15,100,"0","0",0,0,25,-73.6391199956302,45.4621621704875
2024-12-01,"9:20",6,"FPL","610","2651-73176","Blue/Blue","Metal/Yellow","F","12-01-24 NOCA 610",45.46083,-73.65139,181,40,40,"STRAIGHT","OLD",-2,17,100,"0","0",0,0,35,-73.6511023511289,45.4610712392094
2024-12-06,"8:30",5,"FPL","616","2651-73140","Blue/White","Metal/Yellow","F","12-06-24 NOCA 616",45.46091,-73.65138,169,40,323,"STRAIGHT","OLD",-8,24,0,"0","5",1,0,35,-73.6516493139781,45.4611615026954
2024-12-06,"9:01",6,"FPL","619","2651-73193","Red/Green","Metal/Yellow","F","12-06-24 NOCA 619",45.45832,-73.63518,171,40,167,"STRAIGHT","OLD",-8,24,0,"0","5",1,0,35,-73.6350793393493,45.4580131551842
2024-12-06,"10:30",5,"FPL","626","2991-46005","Yellow/White","Metal/Yellow","F","12-06-24 NOCA 626",45.45807,-73.63351,148,40,167,"UP","OLD",-7,23,30,"0","5",1,0,35,-73.6334093397941,45.4577631551707
2024-12-06,"11:30",6,"FPL","633","2991-46010","Green/White","Metal/Green","M","12-06-24 NOCA 633",45.46212,-73.64111,144,40,26,"STRAIGHT","OLD",-6,22,80,"0","5",1,0,35,-73.6409138233275,45.462403044298
2024-12-06,"11:50",5,"FPL","634","2991-46013","Black/White","Metal/Yellow","F","12-06-24 NOCA 634",45.4623,-73.64194,143,40,86,"STRAIGHT","OLD",-6,22,80,"0","5",1,0,35,-73.6414935780197,45.4623219665448
2024-12-08,"9:15",6,"FPL","610","2651-73176","Blue/Blue","Metal/Yellow","F","12-08-24 NOCA 610",45.46108,-73.64972,171,40,67,"STRAIGHT","OLD",1,16,100,"0","12",1,0,35,-73.6493080710908,45.4612030466962
2024-12-08,"9:50",5,"FPL","634","2991-46013","Black/White","Metal/Yellow","F","12-08-24 NOCA 634",45.46039,-73.64088,145,30,62,"STRAIGHT","OLD",1,16,100,"0","12",1,0,25,-73.6405977735915,45.460495602559
2024-12-08,"11:43",6,"FPL","633","2991-46010","Green/White","Metal/Green","M","12-08-24 NOCA 633",45.4626,-73.64027,147,40,90,"STRAIGHT","OLD",2,17,90,"0","12",1,0,35,-73.6398224857031,45.4625999991234
2024-12-13,"10:30",6,"FPL","610","2651-73176","Blue/Blue","Metal/Yellow","F","12-13-24 NOCA 610",45.46085,-73.64933,154,40,20,"UP","OLD",-7,19,40,"0","0",0,0,35,-73.6491769450305,45.4611459240379
2024-12-13,"10:50",5,"FPL","634","2991-46013","Black/White","Metal/Yellow","F","12-13-24 NOCA 634",45.46233,-73.64196,147,40,215,"STRAIGHT","OLD",-7,19,40,"0","0",0,0,35,-73.6422166812598,45.462072035769
2024-12-13,"11:00",6,"FPL","633","2991-46010","Green/White","Metal/Green","M","12-13-24 NOCA 633",45.46235,-73.64191,140,30,215,"STRAIGHT","OLD",-7,19,40,"0","0",0,0,25,-73.6420933440608,45.4621657398957
2024-12-13,"12:05",5,"FPL","626","2991-46005","Yellow/White","Metal/Yellow","F","12-13-24 NOCA 626",45.45893,-73.63639,168,40,200,"UP","OLD",-5,22,30,"0","0",0,0,35,-73.6365430481737,45.4586340756417
2024-12-13,"12:55",5,"FPL","616","2651-73140","Blue/White","Metal/Yellow","F","12-13-24 NOCA 616",45.45766,-73.63363,141,40,2,"UP","OLD",-5,22,30,"0","0",0,0,35,-73.6336143832532,45.4579747242293
2024-12-18,"8:40",6,"FPL","610","2651-73176","Blue/Blue","Metal/Yellow","F","12-18-24 NOCA 610",45.46175,-73.65148,171,40,73,"UP","OLD",1,11,100,"0","0",0,0,35,-73.6510520456837,45.4618420716818
2024-12-18,"9:10",6,"FPL","633","2991-46010","Green/White","Metal/Green","M","12-18-24 NOCA 633",45.46208,-73.64119,141,40,46,"STRAIGHT","OLD",2,11,100,"0","0",0,0,35,-73.6408680868694,45.4622987584613
2024-12-18,"9:15",5,"FPL","634","2991-46013","Black/White","Metal/Yellow","F","12-18-24 NOCA 634",45.46212,-73.64165,140,40,216,"STRAIGHT","OLD",2,11,100,"0","0",0,0,35,-73.6419130388871,45.4618652274328
2024-12-18,"10:37",6,"FPL","619","2651-73193","Red/Green","Metal/Yellow","F","12-18-24 NOCA 619",45.45062,-73.64027,142,40,65,"STRAIGHT","OLD",3,13,100,"0","0",0,0,35,-73.639864499227,45.4507530887287
2024-12-18,"11:10",5,"FPL","626","2991-46005","Yellow/White","Metal/Yellow","F","12-18-24 NOCA 626",45.45069,-73.64034,154,40,205,"STRAIGHT","OLD",3,13,100,"0","0",0,0,35,-73.6405290869513,45.4504045885933
2024-12-18,"11:15",5,"FPL","616","2651-73140","Blue/White","Metal/Yellow","F","12-18-24 NOCA 616",45.45686,-73.63503,149,40,205,"STRAIGHT","OLD",3,13,100,"0","0",0,0,35,-73.6352191075712,45.4565745889029
2024-12-20,"10:32",6,"FPL","610","2651-73176","Blue/Blue","Metal/Yellow","F","12-20-24 NOCA 610",45.46132,-73.6504,140,40,61,"STRAIGHT","OLD",-8,13,100,"0","0,7",1,0,35,-73.6500086029771,45.4614726735731
2024-12-20,"11:05",5,"FPL","634","2991-46013","Black/White","Metal/Yellow","F","12-20-24 NOCA 634",45.46154,-73.64184,141,40,69,"STRAIGHT","OLD",-8,13,100,"0","0,7",1,0,35,-73.6414222164073,45.4616528549868
2024-12-20,"11:30",6,"FPL","633","2991-46010","Green/White","Metal/Green","M","12-20-24 NOCA 633",45.46367,-73.64296,140,40,200,"STRAIGHT","OLD",-7,14,100,"0","0,7",1,0,35,-73.6431130609986,45.4633740758883
2024-12-20,"12:30",5,"FPL","616","2651-73140","Blue/White","Metal/Yellow","F","12-20-24 NOCA 616",45.45822,-73.63502,179,40,345,"STRAIGHT","OLD",-7,13,100,"0","0,7",1,0,35,-73.635135816878,45.4585241854755
2024-12-20,"12:30",5,"FPL","626","2991-46005","Yellow/White","Metal/Yellow","F","12-20-24 NOCA 626",45.4582,-73.63503,148,40,345,"STRAIGHT","OLD",-7,13,100,"0","0,7",1,0,35,-73.6351458168371,45.4585041854766
2024-12-26,"12:30",6,"FPL","619","2651-73193","Red/Green","Metal/Yellow","F","12-26-24 NOCA 619",45.44957,-73.63894,144,40,15,"UP","OLD",-8,4,0,"0","23",1,0,35,-73.6388242008263,45.4498741859382
2024-12-26,"13:09",5,"FPL","616","2651-73140","Blue/White","Metal/Yellow","F","12-26-24 NOCA 616",45.45678,-73.63608,155,40,189,"GROUND","OLD",-8,4,0,"0","23",1,0,35,-73.6361499990729,45.456468960984
2024-12-26,"14:07",5,"FPL","626","2991-46005","Yellow/White","Metal/Yellow","F","12-26-24 NOCA 626",45.46061,-73.64007,143,40,155,"UP","OLD",-8,4,80,"0","23",1,0,35,-73.6398808798932,45.4603245890911
2024-12-26,"14:23",6,"FPL","633","2991-46010","Green/White","Metal/Green","M","12-26-24 NOCA 633",45.46344,-73.6424,143,40,216,"STRAIGHT","OLD",-8,4,100,"0","23",1,0,35,-73.6426630450254,45.4631852274919
2024-12-26,"14:35",5,"FPL","634","2991-46013","Black/White","Metal/Yellow","F","12-26-24 NOCA 634",45.46343,-73.64241,141,40,32,"STRAIGHT","OLD",-8,4,100,"0","23",1,0,35,-73.6421728489535,45.4636970634565
2024-12-26,"14:55",6,"FPL","610","2651-73176","Blue/Blue","Metal/Yellow","F","12-26-24 NOCA 610",45.46115,-73.65002,169,30,50,"STRAIGHT","OLD",-8,4,30,"0","23",1,0,25,-73.6497751371935,45.4612945883275
2024-12-31,"8:47",6,"AMC","610","2651-73176","Blue/Blue","Metal/Yellow","F","12-31-2024 NOCA610",45.46156,-73.65118,204,40,26,"STRAIGHT","NEW",2,15,100,"0","0",0,0,35,-73.6509838252697,45.4618430443259
2024-12-31,"9:12",6,"AMC","633","2991-46010","Green/White","Metal/Green","M","12-31-24 NOCA633",45.46284,-73.64234,208,40,350,"STRAIGHT","NEW",2,15,100,"0","0",0,0,35,-73.6424177107979,45.4631501314772
2024-12-31,"9:24",5,"AMC","634","2991-46013","Black/White","Metal/Yellow","F","12-31-24 NOCA634",45.46169,-73.64207,200,40,40,"STRAIGHT","NEW",3,15,100,"0","0",0,0,35,-73.6417823467557,45.4619312391729
2024-12-31,"9:39",5,"AMC","626","2991-46005","Yellow/White","Metal/Yellow","F","12-31-24 NOCA626",45.46067,-73.63933,244,20,42,"GROUND","NEW",3,14,100,"0","0",0,0,15,-73.6392016703598,45.4607702976968
2024-12-31,"10:17",5,"AMC","616","2651-73140","Blue/White","Metal/Yellow","F","12-31-24 NOCA616",45.45783,-73.63399,214,30,180,"GROUND","NEW",3,14,100,"0","0",0,0,25,-73.63399,45.457605059947
2025-01-04,"11:48",6,"FPL","610","2651-73176","Blue/Blue","Metal/Yellow","F","01-04-25 NOCA 610",45.46101,-73.65145,142,40,78,"STRAIGHT","OLD",-10,20,100,"0","0",0,0,35,-73.6510122767615,45.4610754738565
2025-01-04,"12:05",5,"FPL","634","2991-46013","Black/White","Metal/Yellow","F","01-04-25 NOCA 634",45.46093,-73.65144,140,40,50,"STRAIGHT","OLD",-9,20,100,"0","0",0,0,35,-73.6510971930536,45.4611324235183
2025-01-04,"12:43",5,"FPL","626","2991-46005","Yellow/White","Metal/Yellow","F","01-04-25 NOCA 626",45.46058,-73.63937,157,30,212,"STRAIGHT","OLD",-9,20,100,"0","0",0,0,25,-73.6395393836993,45.4603892399835
2025-01-04,"13:09",5,"FPL","616","2651-73140","Blue/White","Metal/Yellow","F","01-04-25 NOCA 616",45.45845,-73.63303,180,20,99,"STRAIGHT","OLD",-9,20,100,"0","0",0,0,15,-73.6328405834014,45.4584288868195
2025-01-04,"14:15",6,"FPL","619","2651-73193","Red/Green","Metal/Yellow","F","01-04-25 NOCA 619",45.45037,-73.63975,142,40,102,"STRAIGHT","OLD",-9,20,100,"0","0",0,0,35,-73.6393123600836,45.4503045243432
2025-01-07,"11:50",6,"FPL","610","2651-73176","Blue/Blue","Metal/Yellow","F","01-07-25 NOCA 610",45.46095,-73.64984,146,40,211,"STRAIGHT","OLD",-7,22,100,"0","4",1,0,35,-73.6500704790791,45.4606800641532
2025-01-07,"12:00",5,"FPL","634","2991-46013","Black/White","Metal/Yellow","F","01-07-25 NOCA 634",45.46169,-73.64213,141,40,67,"STRAIGHT","OLD",-7,22,100,"0","4",1,0,35,-73.6417180666486,45.461813046683
2025-01-07,"12:15",5,"FPL","626","2991-46005","Yellow/White","Metal/Yellow","F","01-07-25 NOCA 626",45.46025,-73.63988,145,40,46,"STRAIGHT","OLD",-7,22,100,"0","4",1,0,35,-73.6395580972834,45.4604687585318
2025-01-07,"14:38",6,"FPL","619","2651-73193","Red/Green","Metal/Yellow","F","01-07-25 NOCA 619",45.45034,-73.63976,140,40,45,"UP","OLD",-6,23,100,"0","4",1,0,35,-73.6394436269249,45.450562679138
2025-01-14,"11:17",5,"AMC","626","2991-46005","Yellow/White","Metal/Yellow","F","01-14-25 NOCA626",45.46012,-73.63943,220,30,194,"STRAIGHT","NEW",-4,25,100,"0",NA,NA,NA,25,-73.6395073273879,45.4599017416897
2025-01-14,"12:06",6,"AMC","618b","2991-46007","Green/Green","Metal/Yellow","F","01-14-25 NOCA618B",45.46629,-73.64233,191,40,25,"STRAIGHT","NEW",-4,24,100,"0",NA,NA,NA,35,-73.6421408589923,45.4665754102964
2025-01-11,"9:50",6,"FPL","610","2651-73176","Blue/Blue","Metal/Yellow","F","01-11-25 NOCA 610",45.46088,-73.64884,157,30,33,"UP","OLD",-8,6,100,"0.2","4",1,0,25,-73.6486659091738,45.4610686503613
2025-01-11,"10:05",5,"FPL","626","2991-46005","Yellow/White","Metal/Yellow","F","01-11-25 NOCA 626",45.46059,-73.64002,145,40,134,"STRAIGHT","OLD",-7,5,100,"0.2","4",1,0,35,-73.6396980978383,45.4603712405657
2025-01-11,"10:36",5,"FPL","634","2991-46013","Black/White","Metal/Yellow","F","01-11-25 NOCA 634",45.46199,-73.64105,140,40,254,"STRAIGHT","OLD",-8,6,100,"0.2","4",1,0,35,-73.6414801730529,45.4619031966205
2025-01-11,"11:50",6,"FPL","619","2651-73193","Red/Green","Metal/Yellow","F","01-11-25 NOCA 619",45.45054,-73.64223,159,20,335,"UP","OLD",-6,7,100,"0.2","4",1,0,15,-73.642311037634,45.4506623190773
2025-01-13,"13:25",6,"FPL","618b","2991-46007","Green/Green","Metal/Yellow","F","01-13-25 NOCA 618B",45.46629,-73.64201,159,40,54,"STRAIGHT","OLD",-1,8,100,"0.2","6",1,0,35,-73.6416479285232,45.4664751021683
2025-01-13,"14:15",5,"FPL","626","2991-46005","Yellow/White","Metal/Yellow","F","01-13-25 NOCA 626",45.46021,-73.64041,148,40,135,"STRAIGHT","OLD",-1,8,100,"0.7","6",1,0,35,-73.640093574221,45.4599873203633
2025-01-15,"10:50",6,"FPL","619","2651-73193","Red/Green","Metal/Yellow","F","01-15-25 NOCA 619",45.4498,-73.63984,180,20,112,"UP","OLD",-8,16,100,"0","9",1,0,15,-73.6396622140865,45.4497494413748
2025-01-15,"11:20",6,"FPL","610","2651-73176","Blue/Blue","Metal/Yellow","F","01-15-25 NOCA 610",45.46093,-73.64945,168,30,35,"UP","OLD",-8,16,100,"0","9",1,0,25,-73.6492666593473,45.4611142598501
2025-01-18,"10:20",6,"FPL","618b","2991-46007","Green/Green","Metal/Yellow","F","01-18-25 NOCA 618B",45.46624,-73.64229,148,40,54,"STRAIGHT","OLD",1,17,100,"0","6",1,0,35,-73.6419279288433,45.4664251021699
2025-01-18,"11:00",5,"FPL","634","2991-46013","Black/White","Metal/Yellow","F","01-18-25 NOCA 634",45.46213,-73.64132,146,40,140,"UP","OLD",2,18,100,"0","6",1,0,35,-73.6410323469717,45.4618887601111
2025-01-18,"11:20",5,"FPL","626","2991-46005","Yellow/White","Metal/Yellow","F","01-18-25 NOCA 626",45.46015,-73.63821,150,40,180,"STRAIGHT","OLD",2,18,100,"0","6",1,0,35,-73.63821,45.4598350840517
2025-01-25,"11:29",6,"FPL","610","2651-73176","Blue/Blue","Metal/Yellow","F","01-25-25 NOCA 610",45.46036,-73.64994,148,30,12,"STRAIGHT","OLD",-11,6,90,"0","8",1,0,25,-73.6498735427631,45.4605800244474
2025-01-25,"11:56",5,"FPL","634","2991-46013","Black/White","Metal/Yellow","F","01-25-25 NOCA 634",45.46158,-73.6419,151,40,38,"STRAIGHT","OLD",-10,6,50,"0","8",1,0,35,-73.6416244864472,45.4618281567468
2025-01-25,"12:19",5,"FPL","626","2991-46005","Yellow/White","Metal/Yellow","F","01-25-25 NOCA 626",45.46025,-73.63988,163,20,32,"GROUND","OLD",-10,6,90,"0","8",1,0,15,-73.639778369825,45.4603644558929
2025-01-25,"14:30",6,"FPL","619","2651-73193","Red/Green","Metal/Yellow","F","01-25-25 NOCA 619",45.45041,-73.64,157,20,200,"STRAIGHT","OLD",-7,7,100,"0","8",1,0,15,-73.6400655823943,45.450283175112
2025-01-27,"13:30",6,"FPL","619","2651-73193","Red/Green","Metal/Yellow","F","01-27-25 NOCA 619",45.44927,-73.63944,140,40,160,"STRAIGHT","OLD",1,37,100,"0","7",1,0,35,-73.6392869779532,45.4489740751391
2025-01-27,"14:20",5,"FPL","626","2991-46005","Yellow/White","Metal/Yellow","F","01-27-25 NOCA 626",45.46052,-73.63918,159,30,180,"STRAIGHT","OLD",1,40,100,"0","7",1,0,25,-73.63918,45.4602950600534
2025-01-27,"14:57",5,"FPL","634","2991-46013","Black/White","Metal/Yellow","F","01-27-25 NOCA 634",45.4628,-73.64056,142,40,210,"STRAIGHT","OLD",1,40,100,"0","7",1,0,35,-73.6407837568608,45.4625272746977
2025-01-27,"15:24",6,"FPL","610","2651-73176","Blue/Blue","Metal/Yellow","F","01-27-25 NOCA 610",45.46111,-73.65006,159,40,90,"STRAIGHT","OLD",1,40,100,"0","7",1,0,35,-73.6496124974908,45.4611099991234
2025-02-05,"11:50",5,"FPL","626","2991-46005","Yellow/White","Metal/Yellow","F","02-05-25 NOCA 626",45.46021,-73.63958,149,30,50,"STRAIGHT","OLD",-14,15,0,"0","17",1,0,25,-73.6393351412624,45.4603545883514
2025-02-05,"12:10",5,"FPL","634","2991-46013","Black/White","Metal/Yellow","F","02-05-25 NOCA 634",45.46199,-73.64059,156,30,36,"STRAIGHT","OLD",-14,15,0,"0","17",1,0,25,-73.6404021140618,45.4621719800315
2025-02-05,"12:50",6,"FPL","610","2651-73176","Blue/Blue","Metal/Yellow","F","02-05-25 NOCA 610",45.46118,-73.65046,165,30,250,"STRAIGHT","OLD",-14,15,0,"0","17",1,0,25,-73.6507603676815,45.4611030656222
2025-02-08,"13:38",6,"FPL","610","2651-73176","Blue/Blue","Metal/Yellow","F","02-08-25 NOCA 610",45.46121,-73.6504,143,40,222,"STRAIGHT","OLD",-5,13,20,"0","19",1,0,35,-73.6506994369159,45.4609759714954
2025-02-08,"14:00",5,"FPL","626","2991-46005","Yellow/White","Metal/Yellow","F","02-08-25 NOCA 626",45.46054,-73.63918,170,20,230,"STRAIGHT","OLD",-5,13,50,"0","19",1,0,15,-73.6393269154988,45.4604532467405
2025-02-08,"14:15",5,"FPL","634","2991-46013","Black/White","Metal/Yellow","F","02-08-25 NOCA 634",45.46256,-73.64005,149,30,231,"STRAIGHT","OLD",-5,13,10,"0","19",1,0,25,-73.6402984162945,45.4624184404865
2025-02-10,"12:21",6,"FPL","610","2651-73176","Blue/Blue","Metal/Yellow","F","02-10-25 NOCA 610",45.46125,-73.6504,149,30,220,"STRAIGHT","OLD",-7,14,10,"0","22",1,0,25,-73.6506054635028,45.461077685842
2025-02-10,"12:50",5,"FPL","626","2991-46005","Yellow/White","Metal/Yellow","F","02-10-25 NOCA 626",45.46054,-73.63912,157,20,230,"STRAIGHT","OLD",-7,14,20,"0","22",1,0,15,-73.6392669154988,45.4604532467405
2025-02-10,"13:15",5,"FPL","634","2991-46013","Black/White","Metal/Yellow","F","02-10-25 NOCA 634",45.4626,-73.64028,148,30,150,"STRAIGHT","OLD",-7,14,20,"0","22",1,0,25,-73.6401201740158,45.4624051962518
2025-02-12,"12:50",6,"FPL","610","2651-73176","Blue/Blue","Metal/Yellow","F","02-12-25 NOCA 610",45.4607,-73.6502,157,30,34,"STRAIGHT","OLD",-12,11,0,"0","19,8",1,0,25,-73.6500212576867,45.4608864835148
2025-02-12,"13:10",5,"FPL","634","2991-46013","Black/White","Metal/Yellow","F","02-12-25 NOCA 634",45.46276,-73.64053,141,40,172,"STRAIGHT","OLD",-12,11,0,"0","19,8",1,0,35,-73.6404677182148,45.4624481489183
2025-02-12,"13:30",5,"FPL","626","2991-46005","Yellow/White","Metal/Yellow","F","02-12-25 NOCA 626",45.46022,-73.63978,143,40,34,"STRAIGHT","OLD",-12,11,0,"0","19,8",1,0,35,-73.6395297625547,45.4604810768628
2025-02-15,"14:25",5,"FPL","626","2991-46005","Yellow/White","Metal/Yellow","F","02-15-25 NOCA 626",45.46026,-73.63987,140,40,50,"STRAIGHT","OLD",-7,13,100,"0","31",2,0,35,-73.6395271971138,45.4604624235421
2025-02-19,"14:00",6,"FPL","610","2651-73176","Blue/Blue","Metal/Yellow","F","02-19-25 NOCA 610",45.46049,-73.65027,145,30,54,"STRAIGHT","OLD",-10,20,0,"0","46",2,0,25,-73.6500114042763,45.4606222160871
2025-02-19,"14:46",5,"FPL","634","2991-46013","Black/White","Metal/Yellow","F","02-19-25 NOCA 634",45.4611,-73.63974,161,30,350,"STRAIGHT","OLD",-10,20,0,"0","46",2,0,25,-73.6397955059184,45.4613215225586
2025-02-21,"10:48",6,"AMC","610","2651-73176","Blue/Blue","Metal/Yellow","F",NA,45.46045,-73.6501,190,40,36,"UP","NEW",-8,17,80,"0",NA,NA,NA,35,-73.649836966509,45.4607047720249
2025-02-21,"11:21",5,"AMC","634","2991-46013","Black/White","Metal/Yellow","F",NA,45.46082,-73.63945,230,30,10,"STRAIGHT","NEW",-7,18,30,"0",NA,NA,NA,25,-73.6393944943563,45.4610415225696
2025-02-22,"9:08",6,"AMC","610","2651-73176","Blue/Blue","Metal/Yellow","F",NA,45.46054,-73.65036,231,30,44,"STRAIGHT","NEW",-12,13,0,"0",NA,NA,NA,25,-73.650137957771,45.4607018080344
2025-03-01,"11:53",6,"AMC","610","2651-73176","Blue/Blue","Metal/Yellow","F","03-01-25 NOCA 610",45.46036,-73.64991,210,30,43,"STRAIGHT","NEW",2,24,100,"10",NA,NA,NA,25,-73.6496920051296,45.4605245104536
2025-03-01,"12:09",5,"AMC","634","2991-46013","Black/White","Metal/Yellow","F","03-01-25 NOCA634",45.46044,-73.64085,210,30,62,"STRAIGHT","NEW",2,26,100,"10",NA,NA,NA,25,-73.6405677733421,45.460545602558
2025-03-04,"11:57",6,"AMC","610","2651-73176","Blue/Blue","Metal/Yellow","F","03-04-25 NOCA 610",45.46047,-73.65009,198,40,320,"STRAIGHT","NEW",2,11,100,"0",NA,NA,NA,35,-73.6503776470405,45.4607112392247
2025-03-04,"12:20",5,"AMC","634","2991-46013","Black/White","Metal/Yellow","F","03-04-25 NOCA634",45.46121,-73.64063,197,40,44,"STRAIGHT","NEW",2,11,100,"0",NA,NA,NA,35,-73.6403191368418,45.4614365310994
2025-03-06,"9:00",6,"FPL","610","2651-73176","Blue/Blue","Metal/Yellow","F","03-06-25 NOCA 610",45.4604,-73.65017,147,40,30,"STRAIGHT","OLD",3,23,100,"0,1","24",2,0,35,-73.649946250475,45.460672724966
2025-03-06,"9:30",5,"FPL","634","2991-46013","Black/White","Metal/Yellow","F","03-06-25 NOCA 634",45.46159,-73.64001,154,30,243,"STRAIGHT","OLD",3,23,100,"0,1","24",2,0,25,-73.6402948073706,45.4614878790665
2025-03-08,"12:00",5,"FPL","634","2991-46013","Black/White","Metal/Yellow","F","03-08-25 NOCA 634",45.46242,-73.64005,146,30,240,"STRAIGHT","OLD",-7,30,60,"0","22",4,0,25,-73.640326826247,45.4623075297299
2025-03-08,"13:00",6,"FPL","610","2651-73176","Blue/Blue","Metal/Yellow","F","03-08-25 NOCA 610",45.46047,-73.6503,141,40,30,"STRAIGHT","OLD",-7,30,50,"0","22",4,0,35,-73.6500762501981,45.4607427249627
2025-03-12,"12:00",5,"FPL","634","2991-46013","Black/White","Metal/Yellow","F","03-12-25 NOCA 634",45.46152,-73.64014,160,30,214,"STRAIGHT","OLD",-4,7,0,"0","12",5,0,25,-73.6403187437259,45.4613335162262
2025-03-12,"13:39",6,"FPL","610","2651-73176","Blue/Blue","Metal/Yellow","F","03-12-25 NOCA 610",45.45907,-73.65459,169,20,155,"STRAIGHT","OLD",-3,4,30,"0","12",5,0,15,-73.6545089504984,45.458947681046
2025-03-19,"13:52",6,"FPL","610","2651-73176","Blue/Blue","Metal/Yellow","F","03-19-25 NOCA 610",45.46159,-73.63998,170,20,230,"STRAIGHT","OLD",14,15,20,"0","0",0,0,15,-73.6401269182258,45.4615032467565
2025-03-22,"11:15",6,"FPL","610","2651-73176","Blue/Blue","Metal/Yellow","F","03-22-25 NOCA 610",45.46085,-73.64041,193,20,235,"STRAIGHT","OLD",7,11,10,"0","0",0,0,15,-73.6405671016038,45.4607725877457
2025-03-26,"10:00",6,"FPL","610","2651-73176","Blue/Blue","Metal/Yellow","F","03-26-25 NOCA 610",45.46087,-73.6404,168,20,215,"STRAIGHT","OLD",2,16,90,"0","0",0,0,15,-73.6405100037016,45.4607594439447
2025-03-29,"11:05",6,"FPL","610","2651-73176","Blue/Blue","Metal/Yellow","F","03-29-25 NOCA 610",45.46089,-73.64034,167,20,235,"STRAIGHT","OLD",-2,16,100,"0","1",0,0,15,-73.6404971017148,45.4608125877462
2025-04-02,"10:00",6,"FPL","610","2651-73176","Blue/Blue","Metal/Yellow","F","04-02-25 NOCA 610",45.46103,-73.64039,146,30,65,"UP","OLD",-2,10,0,"0","0",0,0,25,-73.640100303488,45.4611250633507
2025-04-09,"16:15",6,"FPL","610","2651-73176","Blue/Blue","Metal/Yellow","F","04-09-25 NOCA 610",45.45855,-73.65434,140,40,220,"STRAIGHT","OLD",2,21,20,"0","0",0,0,35,-73.6546276348249,45.4583087599593
2025-04-12,"13:34",6,"FPL","610","2651-73176","Blue/Blue","Metal/Yellow","F","04-12-25 NOCA 610",45.45775,-73.65402,144,40,42,"STRAIGHT","OLD",10,12,90,"0","0",0,0,35,-73.6537205789204,45.4579840278525
2025-04-18,"16:06",6,"FPL","610","2651-73176","Blue/Blue","Metal/Yellow","F","04-18-25 NOCA 610",45.45787,-73.65451,144,40,35,"STRAIGHT","OLD",14,14,100,"0","0",0,0,35,-73.6542533366354,45.4581279638449
2025-04-23,"13:30",6,"FPL","610","2651-73176","Blue/Blue","Metal/Yellow","F","04-23-25 NOCA 610",45.45712,-73.65614,142,40,10,"GROUND","OLD",12,20,40,"0","0",0,0,35,-73.6560622970594,45.4574301317892
2025-04-25,"10:20",6,"FPL","610","2651-73176","Blue/Blue","Metal/Yellow","F","04-25-25 NOCA 610",45.45792,-73.65444,144,40,0,"STRAIGHT","OLD",11,13,80,"0","0",0,0,35,-73.65444,45.4582349160543
2025-04-30,"13:48",6,"FPL","610","2651-73176","Blue/Blue","Metal/Yellow","F","04-30-25 NOCA 610",45.45763,-73.65391,141,40,30,"STRAIGHT","OLD",9,18,0,"0","0",0,0,35,-73.6536862614305,45.4579027250989
2025-05-09,"10:45",6,"FPL","610","2651-73176","Blue/Blue","Metal/Yellow","F","05-09-25 NOCA 610",45.4578,-73.65443,166,20,200,"STRAIGHT","OLD",6,17,100,"0","0",0,0,15,-73.6544955909604,45.4576731752768
2025-05-13,"13:50",6,"FPL","610","2651-73176","Blue/Blue","Metal/Yellow","F","05-13-25 NOCA 610",45.4577,-73.65406,152,30,44,"STRAIGHT","OLD",23,14,30,"0","0",0,0,25,-73.6538379689176,45.4578618081153
2025-05-20,"14:02",6,"FPL","610","2651-73176","Blue/Blue","Metal/Yellow","F","05-20-25 NOCA 610",45.45765,-73.65398,141,30,185,"STRAIGHT","OLD",12,11,100,"0","0",0,0,25,-73.6540078570527,45.4574259159013
2025-05-27,"13:30",6,"FPL","610","2651-73176","Blue/Blue","Metal/Yellow","F","05-27-25 NOCA 610",45.45771,-73.65401,146,40,37,"STRAIGHT","OLD",24,9,0,"0","0",0,0,35,-73.6537407012555,45.4579615028369
2024-10-22,"9:19",4,"AMC","614","2651-73185","Blue/Green","Metal/Yellow","F","10-22-24 NOCA 614",45.4106,-73.93065,207,30,300,"UP","NEW",12,10,20,"0","0",0,0,25,-73.9309265740884,45.4107124706224
2024-10-24,"14:25",4,"LF","608","2651-73186","Blue/Black","Metal/Yellow","F","10-24-24 NOCA608",45.41086,-73.93038,191,30,112,"UP","NEW",12,7,0,"0","0",0,0,25,-73.930083894003,45.4107757348943
2024-10-24,"15:30",4,"LF","614","2651-73185","Blue/Green","Metal/Yellow","F","10-24-24 NOCA614",45.40733,-73.93259,209,30,309,"UP","NEW",12,8,5,"0","0",0,0,25,-73.9328381753345,45.407471560345
2024-10-26,"8:20",4,"LF","608","2651-73186","Blue/Black","Metal/Yellow","F","10-26-24 NOCA608",45.41061,-73.93069,231,20,278,"STRAIGHT","NEW",9,22,40,"0","0",0,0,15,-73.9308797510738,45.4106287833608
2024-10-26,"8:40",3,"LF","617","2991-45868","Red/Yellow","Metal/Yellow","F","10-26-24 NOCA617",45.40898,-73.93304,229,30,120,"UP","NEW",8,22,30,"0","0",0,0,25,-73.9327634349156,45.4088675286737
2024-10-26,"8:50",4,"LF","614","2651-73185","Blue/Green","Metal/Yellow","F","10-26-24 NOCA614",45.4077,-73.93326,250,10,116,"STRAIGHT","NEW",8,22,20,"0","0",0,0,10,-73.933145190547,45.4076605567037
2024-11-01,"12:30",3,"LF","617","2991-45868","Red/Yellow","Metal/Yellow","F","11-01-24 NOCA617",45.41063,-73.93279,237,20,270,"UP","NEW",15,40,40,"0","0",0,0,15,-73.9329816158704,45.4106299998393
2024-11-03,"8:15",4,"LF","620","2651-73197","Red/Black","Metal/Yellow","F","11-03-24 NOCA620",45.41371,-73.92822,234,20,145,"STRAIGHT","NEW",-2,6,0,"0","0",0,0,15,-73.9281100878923,45.413599443028
2024-11-03,"8:30",4,"LF","623","2991-46001","Yellow/Yellow","Metal/Yellow","F","11-03-24 NOCA623",45.41297,-73.93201,210,20,230,"STRAIGHT","NEW",-2,6,2,"0","0",0,0,15,-73.9321567921097,45.412883246015
2024-11-03,"9:30",3,"LF","617","2991-45868","Red/Yellow","Metal/Yellow","F","11-03-24 NOCA617",45.411,-73.93039,206,30,126,"UP","NEW",0,1,0,"0","0",0,0,25,-73.9301316314233,45.4108677821743
2024-11-03,"9:50",4,"LF","608","2651-73186","Blue/Black","Metal/Yellow","F","11-03-24 NOCA608",45.40847,-73.93301,202,30,10,"UP","NEW",0,1,1,"0","0",0,0,25,-73.9329545456524,45.4086915246087
2024-11-03,"10:35",4,"LF","614","2651-73185","Blue/Green","Metal/Yellow","F","11-03-24 NOCA614",45.40921,-73.93301,201,30,270,"UP","NEW",2,2,0,"0","0",0,0,25,-73.9333293517817,45.4092099995536
2024-11-08,"9:05",4,"LF","630","2651-73115","Red/Yellow","Metal/Green","M","11-08-24 NOCA630",45.41265,-73.92744,190,40,269,"UP","NEW",10,27,98,"0","0",0,0,35,-73.9278870514942,45.4126445030383
2024-11-08,"9:40",4,"LF","627","2991-10810","Blue/White","Metal/Green","M","11-08-24 NOCA627",45.4066,-73.92874,219,20,60,"UP","NEW",11,26,100,"0","0",0,0,15,-73.9285740673909,45.4066674825015
2024-11-08,"10:00",4,"LF","614","2651-73185","Blue/Green","Metal/Yellow","F","11-08-24 NOCA614",45.40844,-73.93307,191,30,223,"UP","NEW",11,26,98,"0","0",0,0,25,-73.9332877938,45.4082754876241
2024-11-08,"10:20",4,"LF","623","2991-46001","Yellow/Yellow","Metal/Yellow","F","11-08-24 NOCA623",45.41338,-73.93085,213,30,97,"STRAIGHT","NEW",10,26,90,"0","0",0,0,25,-73.9305330054452,45.4133525860498
2024-11-08,"11:00",4,"LF","620","2651-73197","Red/Black","Metal/Yellow","F","11-08-24 NOCA620",45.41413,-73.92725,215,30,330,"UP","NEW",10,26,98,"0","0",0,0,25,-73.9274096903043,45.4143248051783
2024-11-10,"8:20",4,"LF","630","2651-73115","Red/Yellow","Metal/Green","M","11-10-24 NOCA630",45.41257,-73.93036,207,30,231,"DOWN","NEW",-1,6,15,"0","0",0,0,25,-73.9306081970434,45.4124284392427
2024-11-10,"10:00",4,"LF","620","2651-73197","Red/Black","Metal/Yellow","F","11-10-24 NOCA620",45.41541,-73.92175,236,20,30,"DOWN","NEW",5,2,20,"0","0",0,0,15,-73.9216541837846,45.4155268831083
2024-11-10,"10:40",4,"LF","623","2991-46001","Yellow/Yellow","Metal/Yellow","F","11-10-24 NOCA623",45.41318,-73.93147,198,40,288,"UP","NEW",8,5,50,"0","0",0,0,35,-73.9318952407512,45.4132773143885
2024-11-10,"10:55",3,"LF","617","2991-45868","Red/Yellow","Metal/Yellow","F","11-10-24 NOCA617",45.41263,-73.9325,233,20,296,"UP","NEW",8,5,60,"0","0",0,0,15,-73.932672229462,45.4126891646763
2024-11-10,"12:00",4,"LF","627","2991-10810","Blue/White","Metal/Green","M","11-10-24 NOCA627",45.40659,-73.92924,206,30,19,"UP","NEW",8,4,100,"0","0",0,0,25,-73.9291360336461,45.4068026868593
2024-11-17,"8:45",3,"LF","617","2991-45868","Red/Yellow","Metal/Yellow","F","11-17-24 NOCA617",45.40871,-73.93303,200,30,142,"STRAIGHT","NEW",1,9,20,"0","0",0,0,25,-73.9328333897605,45.4085327431198
2024-11-17,"9:30",4,"LF","614","2651-73185","Blue/Green","Metal/Yellow","F","11-17-24 NOCA614",45.40866,-73.93303,212,30,141,"UP","NEW",3,10,10,"0","0",0,0,25,-73.9328290279823,45.4084851870588
2024-11-17,"10:20",4,"LF","631","2991-46012","Black/Black","Metal/Yellow","F","11-17-24 NOCA631",45.41191,-73.93036,194,40,137,"UP","NEW",5,10,32,"0","0",0,0,35,-73.9300550703631,45.4116796826966
2024-11-17,"11:00",4,"LF","623","2991-46001","Yellow/Yellow","Metal/Yellow","F","11-17-24 NOCA623",45.40638,-73.92741,237,20,200,"UP","NEW",5,10,15,"0","0",0,0,15,-73.9274755314262,45.4062531741302
2024-11-17,"11:30",3,"LF","635","2991-46014","Red/Black","Metal/Green","M","11-17-24 NOCA635",45.40767,-73.92611,210,30,207,"STRAIGHT","NEW",7,10,25,"0","0",0,0,25,-73.9262549782226,45.4074695750859
2024-11-17,"12:15",4,"LF","620","2651-73197","Red/Black","Metal/Yellow","F","11-17-24 NOCA620",45.41638,-73.92119,206,30,130,"UP","NEW",7,9,70,"0","0",0,0,25,-73.9209453320091,45.4162354100061
2024-11-17,"12:45",3,"LF","637","2991-46015","Red/White","Metal/Green","M","11-17-24 NOCA637",45.41011,-73.91961,231,20,180,"DOWN","NEW",8,10,75,"0","0",0,0,15,-73.91961,45.4099750348368
2024-11-24,"8:40",4,"LF","614","2651-73185","Blue/Green","Metal/Yellow","F","11-24-24 NOCA614",45.4089,-73.93296,208,30,180,"UP","NEW",1,28,15,"0","0",0,0,25,-73.93296,45.4086750580116
2024-11-24,"10:15",3,"LF","617","2991-45868","Red/Yellow","Metal/Yellow","F","11-24-24 NOCA617",45.41083,-73.93034,190,40,130,"UP","NEW",3,30,80,"0","0",0,0,35,-73.9299974987116,45.4106275736634
2024-11-24,"10:45",3,"LF","617","2991-45869","Red/Yellow","Metal/Yellow","F","11-24-24 NOCA617#2",45.41066,-73.92928,220,30,145,"UP","NEW",3,29,90,"0","0",0,0,25,-73.9290968232518,45.4104757382212
2024-11-24,"11:05",3,"LF","635","2991-46014","Red/Black","Metal/Green","M","11-24-24 NOCA635",45.41037,-73.92078,214,30,130,"UP","NEW",3,29,95,"0","0",0,0,25,-73.9205353579588,45.4102254098534
2024-11-24,"11:20",4,"LF","623","2991-46001","Yellow/Yellow","Metal/Yellow","F","11-24-24 NOCA623",45.40908,-73.92177,247,20,160,"UP","NEW",3,30,80,"0","0",0,0,15,-73.9217044654517,45.4089531741904
2024-11-24,"12:20",4,"LF","631","2991-46012","Black/Black","Metal/Yellow","F","11-24-24 NOCA631",45.41296,-73.92879,202,40,201,"UP","NEW",4,29,55,"0","0",0,0,35,-73.9289502333924,45.4126659980833
2024-11-29,"8:30",3,"LF","617","2991-45869","Red/Yellow","Metal/Yellow","F","11-29-24 NOCA617",45.41143,-73.93056,226,20,244,"UP","NEW",-1,6,98,"0","0",0,0,15,-73.9307322254551,45.4113708350509
2024-11-29,"9:30",3,"LF","637","2991-46015","Red/White","Metal/Green","M","11-29-24 NOCA637",45.40936,-73.9213,227,20,200,"STRAIGHT","NEW",0,7,90,"0","0",0,0,15,-73.9213655348721,45.4092331741966
2024-11-29,"9:45",3,"LF","635","2991-46014","Red/Black","Metal/Green","M","11-29-24 NOCA635",45.41043,-73.92162,222,20,180,"STRAIGHT","NEW",0,7,90,"0","0",0,0,15,-73.92162,45.4102950348444
2024-11-29,"11:40",4,"LF","620","2651-73197","Red/Black","Metal/Yellow","F","11-29-24 NOCA620",45.40686,-73.93343,207,30,250,"UP","NEW",1,8,60,"0","0",0,0,25,-73.933730079662,45.4067830648881
2024-11-29,"12:00",4,"LF","608","2651-73186","Blue/Black","Metal/Yellow","F","11-29-24 NOCA608",45.40643,-73.93401,230,30,255,"STRAIGHT","NEW",1,9,60,"0","0",0,0,25,-73.9343184546858,45.4063717802885
2024-11-29,"12:30",4,"LF","614","2651-73185","Blue/Green","Metal/Yellow","F","11-29-24 NOCA614",45.40548,-73.93501,227,20,290,"DOWN","NEW",1,12,60,"0","0",0,0,15,-73.9351900438044,45.4055261606994
2024-11-29,"10:04",4,"AMC","627","2991-10810","Blue/White","Metal/Green","M","11-29-24 NOCA641-627",45.4295,-73.93832,230,20,NA,NA,"NEW",1,14,90,"0","0",0,0,15,-73.93832,45.4295
2024-12-06,"9:00",4,"LF","608","2651-73186","Blue/Black","Metal/Yellow","F","12-06-24 NOCA608",45.4107,-73.92928,215,30,300,"UP","NEW",-8,25,20,"0","6",1,2,25,-73.9295565745765,45.4108124706204
2024-12-06,"9:15",3,"LF","617","2991-45869","Red/Yellow","Metal/Yellow","F","12-06-24 NOCA617",45.41069,-73.92928,240,20,300,"DOWN","NEW",-8,25,20,"0","6",1,2,15,-73.9294459445849,45.410757482453
2024-12-06,"9:25",4,"LF","631","2991-46012","Black/Black","Metal/Yellow","F","12-06-24 NOCA631",45.41259,-73.92899,197,30,270,"UP","NEW",-8,25,20,"0","6",1,2,25,-73.9293093708304,45.4125899995535
2024-12-06,"9:45",4,"LF","623","2991-46001","Yellow/Yellow","Metal/Yellow","F","12-06-24 NOCA623",45.40769,-73.92609,228,30,270,"UP","NEW",-7,23,10,"0","6",1,2,25,-73.9264093432165,45.4076899995536
2024-12-06,"12:00",3,"LF","635","2991-46014","Red/Black","Metal/Green","M","12-06-24 NOCA635",45.41007,-73.91996,197,30,100,"UP","NEW",-7,24,50,"0","6",1,2,25,-73.9196454953335,45.4100309388093
2024-12-06,"12:45",3,"LF","637","2991-46015","Red/White","Metal/Green","M","12-06-24 NOCA637",45.41024,-73.91888,197,30,120,"STRAIGHT","NEW",-7,22,50,"0","6",1,2,25,-73.9186034287664,45.4101275286986
2024-12-06,"14:51",4,"ET","627","2991-10810","Blue/White","Metal/Green","M","12-06-24 NOCA627",45.42995,-73.93767,221,20,169,"STRAIGHT","NEW",-6,24,40,"0","0",0,0,15,-73.9376334255823,45.4298175149833
2024-12-08,"9:20",4,"LF","620","2651-73197","Red/Black","Metal/Yellow","F","12-08-24 NOCA620",45.40686,-73.93256,224,30,120,"UP","NEW",2,17,100,"0","14",4,3,25,-73.932283445261,45.4067475286318
2024-12-08,"9:45",4,"LF","630","2651-73115","Red/Yellow","Metal/Green","M","12-08-24 NOCA630",45.4078,-73.93329,203,30,265,"UP","NEW",2,17,100,"0","14",4,3,25,-73.9336081285266,45.4077803945675
2024-12-08,"10:30",4,"LF","614","2651-73185","Blue/Green","Metal/Yellow","F","12-08-24 NOCA614",45.40632,-73.93279,190,20,228,"UP","NEW",2,19,100,"0","14",4,3,15,-73.9329323872865,45.4062296905299
2024-12-13,"8:30",3,"LF","637","2991-46015","Red/White","Metal/Green","M","12-13-24 NOCA637",45.41005,-73.92005,201,30,196,"UP","NEW",-7,11,40,"0","7",1,1,25,-73.9201380262496,45.4098337718928
2024-12-13,"8:45",3,"LF","635","2991-46014","Red/Black","Metal/Green","M","12-13-24 NOCA635",45.41056,-73.92155,213,20,200,"DOWN","NEW",-7,11,40,"0","7",1,1,15,-73.9216155362598,45.4104331742234
2024-12-13,"9:30",4,"LF","623","2991-46001","Yellow/Yellow","Metal/Yellow","F","12-13-24 NOCA623",45.40771,-73.92617,210,30,230,"DOWN","NEW",-6,13,5,"0","7",1,1,25,-73.9264146305587,45.4075654097858
2024-12-13,"11:00",4,"LF","627","2991-10810","Blue/White","Metal/Green","M","12-13-24 NOCA627",45.4299,-73.9382,212,30,185,"UP","NEW",-6,20,0,"0","7",1,1,25,-73.9382278433988,45.4296759148079
2024-12-13,"9:59",3,"ET","617","2991-45869","Red/Yellow","Metal/Yellow","F","12-13-24 NOCA617",45.41151,-73.9291,157,30,293,"UP","OLD",-7,19,0,"0","7",1,1,25,-73.9293939772524,45.4115978914159
2024-12-13,"11:49",4,"ET","630","2651-73115","Red/Yellow","Metal/Green","M","12-13-24 NOCA630",45.41154,-73.92911,151,30,230,"UP","OLD",-6,23,0,"0","7",1,1,25,-73.9293546470924,45.4113954098831
2024-12-13,"12:06",4,"ET","614","2651-73185","Blue/Green","Metal/Yellow","F","12-13-24 NOCA614",45.40871,-73.93299,150,40,105,"STRAIGHT","OLD",-6,23,0,"0","7",1,1,35,-73.9325581462442,45.408628492203
2024-12-13,"12:33",4,"ET","620","2651-73197","Red/Black","Metal/Yellow","F","12-13-24 NOCA620",45.40878,-73.93304,152,30,260,"STRAIGHT","OLD",-5,24,10,"0","7",1,1,25,-73.9333544975075,45.4087409388005
2024-12-18,"8:30",3,"LF","635","2991-46014","Red/Black","Metal/Green","M","12-18-24 NOCA635",45.41109,-73.91972,229,30,175,"DOWN","NEW",2,10,100,"0","0",1,3,25,-73.9196921658449,45.4108659140667
2024-12-18,"9:15",3,"LF","637","2991-46015","Red/White","Metal/Green","M","12-18-24 NOCA637",45.41098,-73.92012,226,30,212,"DOWN","NEW",2,9,100,"0","0",1,3,25,-73.9202892353773,45.41078923832
2024-12-18,"10:00",4,"LF","623","2991-46001","Yellow/Yellow","Metal/Yellow","F","12-18-24 NOCA623",45.40641,-73.92479,198,30,186,"UP","NEW",3,8,100,"0","0",1,3,25,-73.92482337957,45.4061862901646
2024-12-18,"11:15",4,"LF","630","2651-73115","Red/Yellow","Metal/Green","M","12-18-24 NOCA630",45.40776,-73.93327,219,20,241,"DOWN","NEW",4,15,100,"0","0",1,3,15,-73.9334375823358,45.4076945674409
2024-12-18,"11:50",4,"LF","631","2991-46012","Black/Black","Metal/Yellow","F","12-18-24 NOCA631",45.4111,-73.93048,240,30,280,"STRAIGHT","NEW",3,11,100,"0","0",1,3,25,-73.9307945108166,45.4111390603173
2024-12-18,"11:55",4,"LF","608","2651-73186","Blue/Black","Metal/Yellow","F","12-18-24 NOCA608",45.41116,-73.93045,198,30,260,"STRAIGHT","NEW",3,11,100,"0","0",1,3,25,-73.930764510716,45.4111209388168
2024-12-18,"12:20",3,"LF","617","2991-45869","Red/Yellow","Metal/Yellow","F","12-18-24 NOCA617",45.4127,-73.9325,210,20,67,"STRAIGHT","NEW",4,15,100,"0.1","0",1,3,15,-73.9323236100538,45.4127527349295
2024-12-19,"9:52",4,"ET","630","2651-73115","Red/Yellow","Metal/Green","M","12-19-24 NOCA630",45.40779,-73.93321,166,30,94,"UP","OLD",-4,20,10,"0","2",2,0,25,-73.9328914342136,45.4077743083931
2024-12-19,"10:05",4,"ET","620","2651-73197","Red/Black","Metal/Yellow","F","12-19-24 NOCA620",45.40776,-73.93328,153,30,94,"UP","OLD",-4,20,10,"0","2",2,0,25,-73.9329614343822,45.407744308393
2024-12-19,"10:23",4,"ET","614","2651-73185","Blue/Green","Metal/Yellow","F","12-19-24 NOCA614",45.40781,-73.93324,151,30,81,"UP","OLD",-4,20,15,"0","2",2,0,25,-73.9329245875647,45.4078451882501
2024-12-22,"8:20",4,"LF","627","2991-10810","Blue/White","Metal/Green","M","12-22-24 NOCA627",45.42881,-73.93695,208,30,224,"DOWN","NEW",-16,9,5,"0","10",3,2,25,-73.937171916519,45.4286481906268
2024-12-22,"12:40",4,"LF","620","2651-73197","Red/Black","Metal/Yellow","F","12-22-24 NOCA620",45.40689,-73.93379,197,30,255,"STRAIGHT","NEW",-13,11,0,"0","3",1,2,25,-73.9340984571893,45.4068317802932
2024-12-22,"13:00",4,"LF","614","2651-73185","Blue/Green","Metal/Yellow","F","12-22-24 NOCA614",45.40586,-73.93567,228,20,217,"DOWN","NEW",-13,11,0,"0","3",1,2,15,-73.9357853073846,45.4057522118895
2024-12-29,"8:30",4,"LF","631","2991-46012","Black/Black","Metal/Yellow","F","12-29-24 NOCA631",45.4119,-73.93049,227,20,235,"STRAIGHT","NEW",-2,4,100,"0","12",1,2,15,-73.9306469658354,45.4118225870795
2024-12-29,"8:50",4,"LF","620","2651-73197","Red/Black","Metal/Yellow","F","12-29-24 NOCA620",45.40759,-73.93246,214,20,218,"STRAIGHT","NEW",-2,4,100,"0","12",1,2,15,-73.93257796396,45.4074836458922
2024-12-29,"8:50",4,"LF","630","2651-73115","Red/Yellow","Metal/Green","M","12-29-24 NOCA630",45.40768,-73.9325,222,20,218,"STRAIGHT","NEW",-2,4,100,"0","12",1,2,15,-73.9326179641473,45.4075736458939
2024-12-29,"9:20",4,"LF","614","2651-73185","Blue/Green","Metal/Yellow","F","12-29-24 NOCA614",45.40767,-73.93253,205,30,224,"UP","NEW",-2,7,100,"0","12",1,2,25,-73.9327518337268,45.4075081900255
2024-12-29,"9:40",4,"LF","623","2991-46001","Yellow/Yellow","Metal/Yellow","F","12-29-24 NOCA623",45.40751,-73.92542,234,20,203,"STRAIGHT","NEW",-2,8,100,"0","12",1,2,15,-73.9254948659993,45.407385763831
2024-12-29,"11:00",3,"LF","617","2991-45869","Red/Yellow","Metal/Yellow","F","12-29-24 NOCA617",45.41093,-73.93018,230,30,238,"STRAIGHT","NEW",-1,6,100,"0","12",1,2,25,-73.9304508333209,45.4108107986296
2024-12-29,"12:30",3,"LF","635","2991-46014","Red/Black","Metal/Green","M","12-29-24 NOCA635",45.41067,-73.92162,207,20,236,"STRAIGHT","NEW",-1,8,100,"0","12",1,2,15,-73.9217788566566,45.4105945283359
2024-12-29,"12:30",3,"LF","637","2991-46015","Red/White","Metal/Green","M","12-29-24 NOCA637",45.41067,-73.92162,214,20,236,"STRAIGHT","NEW",-1,8,100,"0","12",1,2,15,-73.9217788566566,45.4105945283359
2025-01-02,"8:50",4,"LF","608","2651-73186","Blue/Black","Metal/Yellow","F","01-02-25 NOCA608",45.41072,-73.93044,194,30,80,"UP","NEW",-1,26,98,"0","2",2,1,25,-73.9301254912924,45.41075906032
2025-01-02,"10:10",4,"LF","627","2991-10810","Blue/White","Metal/Green","M","01-02-25 NOCA627",45.42963,-73.93831,210,20,110,"STRAIGHT","NEW",-1,28,100,"0","5",3,1,15,-73.9381298797255,45.4295838392123
2025-01-05,"8:50",4,"LF","631","2991-46012","Black/Black","Metal/Yellow","F","01-05-25 NOCA631",45.41124,-73.93048,216,20,134,"STRAIGHT","NEW",-12,19,100,"0","3",4,1,15,-73.9303421618223,45.4111462452554
2025-01-05,"9:00",4,"LF","608","2651-73186","Blue/Black","Metal/Yellow","F","01-05-25 NOCA608",45.41121,-73.93057,227,20,270,"DOWN","NEW",-12,19,100,"0","3",4,1,15,-73.9307616178316,45.4112099998393
2025-01-05,"9:20",3,"LF","617","2991-45869","Red/Yellow","Metal/Yellow","F","01-05-25 NOCA617",45.41085,-73.93014,235,20,210,"STRAIGHT","NEW",-12,17,100,"0","3",4,1,15,-73.9302358081095,45.4107331167152
2025-01-05,"10:30",4,"LF","630","2651-73115","Red/Yellow","Metal/Green","M","01-05-25 NOCA630",45.40697,-73.9344,218,20,168,"DOWN","NEW",-13,16,100,"0","3",4,1,15,-73.934360163486,45.4068379840696
2025-01-05,"10:45",4,"LF","620","2651-73197","Red/Black","Metal/Yellow","F","01-05-25 NOCA620",45.40699,-73.93341,200,30,241,"UP","NEW",-13,16,100,"0","3",4,1,25,-73.9336892998834,45.4068809455831
2025-01-05,"12:00",4,"LF","623","2991-46001","Yellow/Yellow","Metal/Yellow","F","01-05-25 NOCA623",45.40715,-73.92596,202,30,255,"UP","NEW",-13,15,100,"0","3",4,1,25,-73.9262684586044,45.4070917802958
2025-01-07,"9:15",4,"LF","627","2991-10810","Blue/White","Metal/Green","M","01-07-25 NOCA627",45.41982,-73.93848,203,30,195,"STRAIGHT","NEW",-9,22,100,"0","7",1,1,25,-73.9385626694851,45.4196027231115
2025-01-10,"10:34",4,"ET","631","2991-46012","Black/Black","Metal/Yellow","F","01-10-25 NOCA631",45.41051,-73.92925,164,20,344,"UP","OLD",-7,21,0,"0","11",1,1,15,-73.9293028165009,45.4106397368173
2025-01-10,"10:34",3,"ET","617","2991-45869","Red/Yellow","Metal/Yellow","F","01-10-25 NOCA617",45.41051,-73.92925,157,20,344,"UP","OLD",-7,21,0,"0","11",1,1,15,-73.9293028165009,45.4106397368173
2025-01-10,"11:40",4,"ET","614","2651-73185","Blue/Green","Metal/Yellow","F","01-10-25 NOCA614",45.40778,-73.93318,151,30,158,"UP","OLD",-6,21,0,"0","11",1,1,25,-73.9330603721758,45.4075714373168
2025-01-10,"11:54",4,"ET","630","2651-73115","Red/Yellow","Metal/Green","M","01-10-25 NOCA630",45.40768,-73.9332,152,30,150,"UP","OLD",-6,21,0,"0","11",1,1,25,-73.9330403289687,45.4074851943708
2025-01-12,"8:30",3,"LF","635","2991-46014","Red/Black","Metal/Green","M","01-12-25 NOCA635",45.41007,-73.92012,204,30,110,"STRAIGHT","NEW",-10,9,0,"0","17",1,1,25,-73.9198199033406,45.4099930649315
2025-01-12,"8:40",3,"LF","637","2991-46015","Red/White","Metal/Green","M","01-12-25 NOCA637",45.40923,-73.92089,207,30,128,"UP","NEW",-10,9,0,"0","17",1,1,25,-73.920638347888,45.4090915116155
2025-01-12,"9:00",4,"LF","623","2991-46001","Yellow/Yellow","Metal/Yellow","F","01-12-25 NOCA623",45.40691,-73.92595,214,30,138,"DOWN","NEW",-10,9,0,"0","17",1,1,25,-73.925736321251,45.4067428352678
2025-01-12,"9:30",4,"LF","631","2991-46012","Black/Black","Metal/Yellow","F","01-12-25 NOCA631",45.41034,-73.93063,203,30,127,"STRAIGHT","NEW",-8,10,0,"0","17",1,1,25,-73.9303749498505,45.4102046262827
2025-01-12,"9:40",4,"LF","608","2651-73186","Blue/Black","Metal/Yellow","F","01-12-25 NOCA608",45.41002,-73.93022,249,10,117,"UP","NEW",-8,10,0,"0","17",1,1,10,-73.9301061806468,45.4099791513417
2025-01-12,"9:40",4,"LF","631","2991-46012","Black/Black","Metal/Yellow","F","01-12-25 NOCA631-2",45.41002,-73.93022,250,10,117,"UP","NEW",-8,10,0,"0","17",1,1,10,-73.9301061806468,45.4099791513417
2025-01-12,"9:50",3,"LF","617","2991-45869","Red/Yellow","Metal/Yellow","F","01-12-25 NOCA617",45.41028,-73.93066,230,20,135,"DOWN","NEW",-8,10,0,"0","17",1,1,15,-73.9305245081837,45.4101845651407
2025-01-12,"11:20",4,"LF","630","2651-73115","Red/Yellow","Metal/Green","M","01-12-25 NOCA630",45.40671,-73.9327,217,20,179,"STRAIGHT","NEW",-7,10,20,"0","17",1,1,15,-73.9326966560812,45.4065750553119
2025-01-12,"11:40",4,"LF","620","2651-73197","Red/Black","Metal/Yellow","F","01-12-25 NOCA620",45.40681,-73.93327,212,20,103,"STRAIGHT","NEW",-6,11,30,"0","17",1,1,15,-73.9330833079165,45.4067796392743
2025-01-14,"9:20",4,"LF","627","2991-10810","Blue/White","Metal/Green","M","01-14-25 NOCA627",45.42809,-73.93761,227,20,63,"UP","NEW",-5,22,50,"0","17",1,1,15,-73.9374392161963,45.4281512725795
2025-01-17,"9:09",4,"ET","631","2991-46012","Black/Black","Metal/Yellow","F","01-17-25 NOCA631",45.41003,-73.93047,163,20,78,"UP","OLD",-5,8,100,"0","17",1,1,15,-73.9302825732878,45.4100580606815
2025-01-17,"9:43",3,"ET","617","2991-45869","Red/Yellow","Metal/Yellow","F","01-17-25 NOCA617",45.41091,-73.93007,164,20,338,"STRAIGHT","OLD",-5,9,100,"0","17",1,1,15,-73.9301417810816,45.4110351374773
2025-01-17,"10:25",4,"ET","620","2651-73197","Red/Black","Metal/Yellow","F","01-17-25 NOCA620",45.40765,-73.93322,164,30,83,"UP","OLD",-4,11,100,"0","17",1,1,25,-73.9329030371898,45.4076774130981
2025-01-17,"10:25",4,"ET","614","2651-73185","Blue/Green","Metal/Yellow","F","01-17-25 NOCA614",45.40765,-73.93322,158,30,83,"UP","OLD",-4,11,100,"0","17",1,1,25,-73.9329030371898,45.4076774130981
2025-01-17,"11:14",3,"ET","637","2991-46015","Red/White","Metal/Green","M","01-17-25 NOCA637",45.40705,-73.92603,155,30,135,"UP","OLD",-3,11,100,"0","17",1,1,25,-73.9258041934297,45.4068909417207
2025-01-19,"9:20",3,"LF","635","2991-46014","Red/Black","Metal/Green","M","01-19-25 NOCA635",45.4095,-73.92048,224,20,227,"UP","NEW",-11,17,40,"0","13",2,2,15,-73.9206201359541,45.4094079538845
2025-01-19,"9:40",3,"LF","637","2991-46015","Red/White","Metal/Green","M","01-19-25 NOCA637",45.40696,-73.92595,200,30,222,"UP","NEW",-11,17,50,"0","13",2,2,25,-73.9261636789375,45.4067928352693
2025-01-19,"9:50",4,"LF","623","2991-46001","Yellow/Yellow","Metal/Yellow","F","01-19-25 NOCA623",45.40691,-73.92596,223,20,229,"UP","NEW",-11,17,50,"0","13",2,2,15,-73.9261046046148,45.4068214547451
2025-01-19,"10:30",3,"LF","617","2991-45869","Red/Yellow","Metal/Yellow","F","01-19-25 NOCA617",45.41129,-73.92915,244,20,256,"STRAIGHT","NEW",-12,20,90,"0","13",2,2,15,-73.9293359261185,45.4112573488276
2025-01-19,"10:45",4,"LF","608","2651-73186","Blue/Black","Metal/Yellow","F","01-19-25 NOCA608",45.41071,-73.9293,201,30,255,"UP","NEW",-12,20,100,"0","13",2,2,25,-73.9296084779818,45.4106517803322
2025-01-19,"11:00",4,"LF","631","2991-46012","Black/Black","Metal/Yellow","F","01-19-25 NOCA631",45.41158,-73.92912,206,40,260,"STRAIGHT","NEW",-12,20,100,"0","13",2,2,35,-73.9295603181446,45.411525314105
2025-01-19,"12:00",4,"LF","620","2651-73197","Red/Black","Metal/Yellow","F","01-19-25 NOCA620",45.40705,-73.93338,203,30,256,"STRAIGHT","NEW",-11,15,60,"0","13",2,2,25,-73.9336898535616,45.4069955811706
2025-01-19,"12:15",4,"LF","630","2651-73115","Red/Yellow","Metal/Green","M","01-19-25 NOCA630",45.40736,-73.93336,203,30,249,"STRAIGHT","NEW",-11,15,60,"0","13",2,2,25,-73.9336581304163,45.407279387591
2025-01-19,"12:25",4,"LF","620","2651-73197","Red/Black","Metal/Yellow","F","01-19-25 NOCA620#2",45.40742,-73.93325,229,20,228,"UP","NEW",-11,15,60,"0","13",2,2,15,-73.9333923900501,45.4073296905474
2025-01-24,"11:12",4,"ET","620","2651-73197","Red/Black","Metal/Yellow","F","01-24-25 NOCA620",45.40677,-73.93342,152,30,127,"UP","OLD",-11,14,0,"0","17",1,1,25,-73.9331649659166,45.4066346261977
2025-01-24,"11:25",4,"ET","614","2651-73185","Blue/Green","Metal/Yellow","F","01-24-25 NOCA614",45.40715,-73.93337,150,30,13,"UP","OLD",-11,14,0,"0","17",1,1,25,-73.9332981638134,45.4073691767761
2025-01-24,"11:33",4,"ET","630","2651-73115","Red/Yellow","Metal/Green","M","01-24-25 NOCA630",45.40714,-73.93337,152,30,295,"UP","OLD",-11,15,0,"0","17",1,1,25,-73.9336594209206,45.4072350642522
2025-01-24,"11:58",4,"ET","631","2991-46012","Black/Black","Metal/Yellow","F","01-24-25 NOCA631",45.41088,-73.9301,173,20,74,"STRAIGHT","OLD",-10,15,0,"0","17",1,1,15,-73.9299158060699,45.4109172012866
2025-01-24,"12:15",3,"ET","617","2991-45869","Red/Yellow","Metal/Yellow","F","01-24-25 NOCA617",45.41082,-73.93004,156,30,77,"STRAIGHT","OLD",-10,16,0,"0","17",1,1,25,-73.9297288240654,45.4108706004953
2025-01-24,"12:30",4,"ET","608","2651-73186","Blue/Black","Metal/Yellow","F","01-24-25 NOCA608",45.41064,-73.92916,171,30,270,"UP","OLD",-10,16,0,"0","17",1,1,25,-73.9294793598404,45.4106399995536
2025-01-26,"9:55",3,"LF","635","2991-46014","Red/Black","Metal/Green","M","01-26-25 NOCA635",45.40767,-73.93324,196,30,277,"UP","NEW",0,28,60,"0","18",2,2,25,-73.9335569629221,45.407697413098
2025-01-26,"11:30",3,"LF","637","2991-46015","Red/White","Metal/Green","M","01-26-25 NOCA637",45.41053,-73.92157,217,20,219,"STRAIGHT","NEW",1,37,100,"0","18",2,2,15,-73.9216905873385,45.4104251123128
2025-01-31,"8:42",4,"ET","614","2651-73185","Blue/Green","Metal/Yellow","F","01-31-25 NOCA614",45.40679,-73.9334,151,30,117,"UP","OLD",-8,3,95,"0","21",1,1,25,-73.9331154681418,45.4066878780831
2025-01-31,"8:42",4,"ET","630","2651-73115","Red/Yellow","Metal/Green","M","01-31-25 NOCA630",45.40679,-73.9334,162,30,117,"UP","OLD",-8,3,95,"0","21",1,1,25,-73.9331154681418,45.4066878780831
2025-01-31,"8:55",4,"ET","620","2651-73197","Red/Black","Metal/Yellow","F","01-31-25 NOCA620",45.40773,-73.9333,162,20,333,"STRAIGHT","OLD",-8,4,96,"0","21",1,1,15,-73.9333869875178,45.4078502548555
2025-01-31,"9:23",4,"ET","608","2651-73186","Blue/Black","Metal/Yellow","F","01-31-25 NOCA608",45.41085,-73.93018,161,30,163,"UP","OLD",-7,5,100,"0","21",1,1,25,-73.9300866282275,45.4106348869425
2025-01-31,"9:43",3,"ET","617","2991-45869","Red/Yellow","Metal/Yellow","F","01-31-25 NOCA617",45.41185,-73.92895,152,30,100,"UP","OLD",-7,5,98,"0","21",1,1,25,-73.9286354854543,45.4118109388215
2025-01-31,"11:00",3,"ET","635","2991-46014","Red/Black","Metal/Green","M","01-31-25 NOCA635",45.41081,-73.92074,153,30,138,"UP","OLD",-5,5,70,"0","21",1,1,25,-73.9205263065457,45.4106428353824
2025-02-07,"9:24",4,"ET","620","2651-73197","Red/Black","Metal/Yellow","F","02-07-25 NOCA620",45.40709,-73.93334,152,30,300,"UP","OLD",-6,35,25,"0","31",1,1,25,-73.933616556959,45.4072024706918
2025-02-07,"10:56",3,"ET","637","2991-46015","Red/White","Metal/Green","M","02-07-25 NOCA637",45.41043,-73.92081,150,30,113,"UP","OLD",-6,36,35,"0","31",1,1,25,-73.9205160292623,45.4103421078095
2025-02-07,"12:53",4,"ET","614","2651-73185","Blue/Green","Metal/Yellow","F","02-07-25 NOCA614",45.40738,-73.93324,153,30,120,"UP","OLD",-5,34,85,"0","31",1,1,25,-73.9329634427235,45.4072675286421
2025-02-07,"12:55",4,"ET","630","2651-73115","Red/Yellow","Metal/Green","M","02-07-25 NOCA630",45.40733,-73.93328,173,30,120,"UP","OLD",-5,34,85,"0","31",1,1,25,-73.9330034429675,45.4072175286411
2025-02-08,"8:35",4,"LF","627","2991-10810","Blue/White","Metal/Green","M","02-08-25 NOCA627",45.43122,-73.93854,202,30,146,"UP","NEW",-11,9,0,"0","27",1,2,25,-73.9383613519408,45.4310335152328
2025-02-09,"9:00",3,"LF","635","2991-46014","Red/Black","Metal/Green","M","02-09-25 NOCA635",45.4106,-73.92071,220,20,210,"STRAIGHT","NEW",-9,7,20,"0","31",1,2,15,-73.9208058076869,45.4104831167101
2025-02-09,"9:15",3,"LF","637","2991-46015","Red/White","Metal/Green","M","02-09-25 NOCA637",45.41028,-73.9189,224,20,224,"STRAIGHT","NEW",-9,7,20,"0","31",1,2,15,-73.9190331065181,45.4101829141121
2025-02-09,"10:30",4,"LF","631","2991-46012","Black/Black","Metal/Yellow","F","02-09-25 NOCA631",45.41085,-73.93021,237,20,190,"STRAIGHT","NEW",-8,8,60,"0","31",1,2,15,-73.9302432737978,45.4107170852733
2025-02-09,"11:00",4,"LF","608","2651-73186","Blue/Black","Metal/Yellow","F","02-09-25 NOCA608",45.41114,-73.93048,221,20,236,"UP","NEW",-8,8,90,"0","31",1,2,15,-73.9306388579742,45.4110645283421
2025-02-09,"11:20",3,"LF","617","2991-45869","Red/Yellow","Metal/Yellow","F","02-09-25 NOCA617",45.4106,-73.93069,198,30,235,"UP","NEW",-8,8,90,"0","31",1,2,25,-73.9309516034858,45.410470978316
2025-02-11,"12:40",4,"LF","627","2991-10810","Blue/White","Metal/Green","M","02-11-25 NOCA627",45.43008,-73.93777,205,30,150,"STRAIGHT","NEW",-5,24,40,"0","25",1,1,25,-73.9376102658229,45.429885195138
2025-02-21,"8:26",4,"ET","630","2651-73115","Red/Yellow","Metal/Green","M","01-21-25 NOCA630",45.40748,-73.93326,184,20,80,"UP","OLD",-12,18,100,"0","61",1,1,15,-73.9330713056159,45.4075034363093
2025-02-21,"8:26",4,"ET","614","2651-73185","Blue/Green","Metal/Yellow","F","01-21-25 NOCA614",45.40748,-73.93326,155,30,120,"UP","OLD",-12,18,100,"0","61",1,1,25,-73.9329834422356,45.4073675286441
2025-02-21,"9:16",3,"ET","635","2991-46014","Red/Black","Metal/Green","M","01-21-25 NOCA635",45.41037,-73.92081,150,30,115,"UP","OLD",-11,19,99,"0","61",1,1,25,-73.9205205635544,45.4102749350668
2025-02-21,"10:08",3,"ET","617","2991-45869","Red/Yellow","Metal/Yellow","F","01-21-25 NOCA617",45.41086,-73.93012,155,30,110,"UP","OLD",-9,20,70,"0","61",1,1,25,-73.929819899157,45.4107830649422
2025-02-21,"10:58",4,"ET","631","2991-46012","Black/Black","Metal/Yellow","F","01-21-25 NOCA631",45.41105,-73.93053,145,30,110,"UP","OLD",-8,21,65,"0","61",1,1,25,-73.9302298981508,45.4109730649448
2025-02-21,"12:20",4,"ET","620","2651-73197","Red/Black","Metal/Yellow","F","01-21-25 NOCA620",45.40771,-73.93319,151,30,116,"UP","OLD",-7,25,98,"0","61",1,1,25,-73.9329029766164,45.4076113915425
2025-02-22,"9:40",4,"LF","627","2991-10810","Blue/White","Metal/Green","M","02-22025 NOCA627",45.43039,-73.93795,245,10,60,"UP","NEW",-11,9,0,"0","46",1,1,10,-73.9378393318414,45.430434988173
2025-02-22,"11:42",4,"ET","631","2991-46012","Black/Black","Metal/Yellow","F","01-22-25 NOCA631",45.40714,-73.92828,150,30,307,"UP","OLD",-7,11,100,"0","61",1,1,25,-73.9285350369668,45.4072753732208
2025-02-22,"12:40",3,"ET","637","2991-46015","Red/White","Metal/Green","M","01-22-25 NOCA637",45.41074,-73.92072,150,30,114,"UP","OLD",-5,12,100,"0","61",1,1,25,-73.9204282502247,45.4106485075088
2025-02-22,"13:23",4,"ET","630","2651-73115","Red/Yellow","Metal/Green","M","01-22-25 NOCA630",45.4074,-73.93326,170,20,84,"UP","OLD",-4,12,100,"0","61",1,1,15,-73.933069444635,45.4074141075487
2025-02-23,"8:50",4,"LF","630","2651-73115","Red/Yellow","Metal/Green","M","02-23-25 NOCA630",45.4072,-73.93261,204,30,240,"STRAIGHT","NEW",-3,12,100,"0","56",1,1,25,-73.9328865563981,45.4070875286385
2025-02-23,"9:00",4,"LF","620","2651-73197","Red/Black","Metal/Yellow","F","02-23-25 NOCA620",45.40678,-73.93267,207,30,266,"STRAIGHT","NEW",-3,12,100,"0","56",1,1,25,-73.9329885601093,45.4067643083903
2025-02-23,"11:10",4,"LF","614","2651-73185","Blue/Green","Metal/Yellow","F","02-23-25 NOCA614",45.4077,-73.93325,250,20,215,"UP","NEW",-3,15,100,"0","56",1,1,15,-73.9333599004515,45.4075894429111
2025-02-23,"12:00",3,"LF","635","2991-46014","Red/Black","Metal/Green","M","02-23-25 NOCA635",45.41041,-73.92077,208,30,172,"STRAIGHT","NEW",-2,15,100,"0","56",1,1,25,-73.9207255540558,45.4101872471822
2025-02-23,"12:20",3,"LF","637","2991-46015","Red/White","Metal/Green","M","02-23-25 NOCA637",45.41125,-73.92153,196,30,166,"STRAIGHT","NEW",-2,15,100,"0","56",1,1,25,-73.921452739328,45.4110317398142
2025-02-28,"8:30",4,"ET","630","2651-73115","Red/Yellow","Metal/Green","M","02-28-25 NOCA630",45.40736,-73.93329,156,30,120,"UP","OLD",-10,20,0,"0","41",1,1,25,-73.9330134428211,45.4072475286417
2025-02-28,"8:38",4,"ET","620","2651-73197","Red/Black","Metal/Yellow","F","02-28-25 NOCA620",45.4077,-73.93319,154,30,105,"UP","OLD",-10,20,0,"0","41",1,1,25,-73.9328815384021,45.4076417803014
2025-02-28,"9:14",3,"ET","617","2991-45869","Red/Yellow","Metal/Yellow","F","02-28-25 NOCA617",45.41044,-73.9307,152,30,281,"UP","OLD",-10,19,0,"0","41",1,1,25,-73.9310134914316,45.410482920512
2025-02-28,"9:35",4,"ET","631","2991-46012","Black/Black","Metal/Yellow","F","02-28-25 NOCA631",45.41081,-73.9301,154,30,152,"UP","OLD",-10,20,0,"0","41",1,1,25,-73.9299500697123,45.4106113879816
2025-02-28,"11:02",3,"ET","635","2991-46014","Red/Black","Metal/Green","M","02-28-25 NOCA635",45.41046,-73.92075,153,30,120,"STRAIGHT","OLD",-10,20,0,"0","41",1,1,25,-73.9204734276927,45.410347528703
2025-02-28,"12:14",4,"ET","614","2651-73185","Blue/Green","Metal/Yellow","F","02-28-25 NOCA614",45.40766,-73.93319,151,30,81,"STRAIGHT","OLD",-8,20,7,"0","41",1,1,25,-73.9328745883995,45.407695188251
2025-03-04,"9:00",3,"LF","635","2991-46014","Red/Black","Metal/Green","M","03-04-25 NOCA635",45.41003,-73.92015,190,40,245,"UP","NEW",-4,5,80,"0","48",1,3,35,-73.9205552083208,45.4098969088798
2025-03-04,"9:30",3,"LF","637","2991-46015","Red/White","Metal/Green","M","03-04-25 NOCA637",45.41059,-73.92069,195,30,256,"UP","NEW",-3,6,50,"0","48",1,3,25,-73.9209998729173,45.4105355812044
2025-03-04,"10:20",4,"LF","631","2991-46012","Black/Black","Metal/Yellow","F","03-04-25 NOCA631",45.41011,-73.92921,233,20,237,"UP","NEW",1,6,100,"0","48",1,3,15,-73.9293707009078,45.4100364925911
2025-03-04,"10:50",3,"LF","617","2991-45869","Red/Yellow","Metal/Yellow","F","03-04-25 NOCA617",45.41165,-73.92908,200,30,230,"STRAIGHT","NEW",1,6,100,"0","48",1,3,25,-73.9293246475673,45.4115054098859
2025-03-04,"11:10",4,"LF","614","2651-73185","Blue/Green","Metal/Yellow","F","03-04-25 NOCA614",45.40745,-73.93325,201,30,214,"UP","NEW",1,6,100,"0","48",1,3,25,-73.9334285731167,45.4072635144535
2025-03-04,"11:20",4,"LF","630","2651-73115","Red/Yellow","Metal/Green","M","03-04-25 NOCA630",45.40737,-73.93323,223,20,211,"DOWN","NEW",1,6,100,"0","48",1,3,15,-73.9333286835906,45.4072543121772
2025-03-04,"11:30",4,"LF","620","2651-73197","Red/Black","Metal/Yellow","F","03-04-25 NOCA620",45.40846,-73.93314,225,20,222,"UP","NEW",1,6,100,"0","48",1,3,15,-73.9332682109071,45.4083597012366
2025-03-06,"10:00",4,"LF","627","2991-10810","Blue/White","Metal/Green","M","03-06-25 NOCA627",45.4302,-73.93821,210,30,222,"STRAIGHT","NEW",3,19,100,"0","29",2,5,25,-73.9384237666109,45.4300328359522
2025-03-07,"10:25",4,"ET","631","2991-46012","Black/Black","Metal/Yellow","F","03-07-25 NOCA631",45.4102,-73.92924,177,20,125,"STRAIGHT","OLD",-4,34,5,"0","38",2,2,15,-73.9290830388735,45.4101225870564
2025-03-07,"11:02",3,"ET","635","2991-46014","Red/Black","Metal/Green","M","03-07-25 NOCA635",45.41032,-73.92083,151,30,92,"STRAIGHT","OLD",-3,33,3,"0","38",2,2,25,-73.9205108365515,45.410312149194
2025-03-07,"12:14",3,"ET","617","2991-45869","Red/Yellow","Metal/Yellow","F","03-07-25 NOCA617",45.41065,-73.92922,156,30,7,"UP","OLD",-2,34,0,"0","38",2,2,25,-73.9291810796657,45.4108732652208
2025-03-07,"12:52",4,"ET","630","2651-73115","Red/Yellow","Metal/Green","M","03-07-25 NOCA630",45.40732,-73.93326,172,30,120,"STRAIGHT","OLD",-1,35,0,"0","38",2,2,25,-73.9329834430163,45.4072075286409
2025-03-07,"13:00",4,"ET","620","2651-73197","Red/Black","Metal/Yellow","F","03-07-25 NOCA620",45.40754,-73.93323,165,30,116,"UP","OLD",-1,35,2,"0","38",2,2,25,-73.9329429774773,45.4074413915395
2025-03-07,"13:00",4,"ET","614","2651-73185","Blue/Green","Metal/Yellow","F","03-07-25 NOCA614",45.40754,-73.93323,158,30,116,"UP","OLD",-1,35,2,"0","38",2,2,25,-73.9329429774773,45.4074413915395
2025-03-09,"8:55",3,"LF","635","2991-46014","Red/Black","Metal/Green","M","03-09-25 NOCA635",45.41099,-73.91974,199,30,126,"UP","NEW",-3,13,100,"0","40",4,1,25,-73.9194816314689,45.4108577821741
2025-03-09,"9:10",3,"LF","637","2991-46015","Red/White","Metal/Green","M","03-09-25 NOCA637",45.41008,-73.92078,203,30,98,"STRAIGHT","NEW",-3,12,100,"0","40",4,1,25,-73.9204637514475,45.4100486936952
2025-03-09,"9:40",3,"LF","617","2991-45869","Red/Yellow","Metal/Yellow","F","03-09-25 NOCA617",45.40998,-73.92992,204,30,85,"STRAIGHT","NEW",-4,12,100,"0","40",4,1,25,-73.9296018590155,45.4099996045389
2025-03-09,"9:50",4,"LF","631","2991-46012","Black/Black","Metal/Yellow","F","03-09-25 NOCA631",45.41087,-73.93014,202,30,130,"STRAIGHT","NEW",-4,12,100,"0","40",4,1,25,-73.9298953558002,45.4107254098661
2025-03-09,"10:20",4,"LF","620","2651-73197","Red/Black","Metal/Yellow","F","03-09-25 NOCA620",45.40733,-73.93336,212,30,100,"STRAIGHT","NEW",-2,19,100,"0","40",4,1,25,-73.9330455105389,45.4072909387906
2025-03-09,"10:35",4,"LF","630","2651-73115","Red/Yellow","Metal/Green","M","03-09-25 NOCA630",45.40718,-73.93246,206,30,99,"UP","NEW",-3,13,100,"0","40",4,1,25,-73.9321445914625,45.4071448108749
2025-03-09,"11:00",4,"LF","614","2651-73185","Blue/Green","Metal/Yellow","F","03-09-25 NOCA614",45.40654,-73.93433,232,20,32,"STRAIGHT","NEW",-3,14,100,"0","40",4,1,15,-73.9342284661818,45.4066544569739
2025-03-11,"9:40",4,"LF","631","2991-46012","Black/Black","Metal/Yellow","F","03-11-25 NOCA631",45.41003,-73.92987,201,30,5,"STRAIGHT","NEW",0,4,60,"0","34",2,2,25,-73.9298421661454,45.4102540859594
2025-03-11,"10:15",4,"LF","630","2651-73115","Red/Yellow","Metal/Green","M","03-11-25 NOCA630",45.40722,-73.93321,212,30,141,"STRAIGHT","NEW",0,4,40,"0","34",2,2,25,-73.9330090330886,45.4070451870145
2025-03-11,"12:20",4,"LF","620","2651-73197","Red/Black","Metal/Yellow","F","03-11-25 NOCA620",45.40763,-73.93252,198,30,330,"STRAIGHT","NEW",6,4,80,"0","34",2,2,25,-73.9326796719881,45.407824805401
2025-03-12,"11:41",3,"AMC","617","2991-45869","Red/Yellow","Metal/Yellow","F","03-12-25 NOCA617",45.41167,-73.9304,200,40,113,"STRAIGHT","NEW",-3,5,10,"0","31",2,2,35,-73.9299884322167,45.4115469507478
2025-03-13,"10:15",4,"LF","627","2991-10810","Blue/White","Metal/Green","M","03-13-25 NOCA627",45.4299,-73.93845,210,30,132,"STRAIGHT","NEW",-7,15,20,"0","24",4,2,25,-73.9382125893145,45.429749484741
2025-03-14,"12:20",4,"ET","631","2991-46012","Black/Black","Metal/Yellow","F","03-14-25 NOCA631",45.41003,-73.92922,180,30,72,"STRAIGHT","OLD",6,6,5,"0","24",4,2,25,-73.9289162736396,45.4100995104777
2025-03-16,"9:50",4,"LF","620","2651-73197","Red/Black","Metal/Yellow","F","03-16-25 NOCA620",45.40784,-73.93469,211,30,265,"DOWN","NEW",9,11,100,"0","25",1,4,25,-73.9350081287511,45.4078203945676
2025-03-16,"10:10",4,"LF","614","2651-73185","Blue/Green","Metal/Yellow","F","03-16-25 NOCA614",45.40639,-73.93341,198,40,254,"STRAIGHT","NEW",9,11,100,"0","25",1,4,35,-73.9338397508468,45.4063031957735
2025-03-16,"11:30",4,"LF","631","2991-46012","Black/Black","Metal/Yellow","F","03-16-25 NOCA631",45.41003,-73.92921,197,30,270,"STRAIGHT","NEW",9,13,100,"1.7","25",1,4,25,-73.9295293564027,45.4100299995536
2025-03-16,"12:30",3,"LF","617","2991-45869","Red/Yellow","Metal/Yellow","F","03-16-25 NOCA617",45.41082,-73.9293,203,30,233,"DOWN","NEW",0,13,100,"0","25",1,4,25,-73.9295550523099,45.4106846262941
2025-03-18,"10:00",4,"LF","627","2991-10810","Blue/White","Metal/Green","M","03-18-25 NOCA627",45.43063,-73.9382,231,30,255,"STRAIGHT","NEW",-3,4,0,"0","7",4,4,25,-73.9385085864755,45.4305717805358
2025-03-23,"9:20",4,"LF","620","2651-73197","Red/Black","Metal/Yellow","F","03-23-25 NOCA620",45.40759,-73.93321,201,30,125,"STRAIGHT","NEW",-9,12,0,"0","1",4,2,25,-73.9329484104084,45.4074609782478
2025-03-25,"10:00",4,"LF","627","2991-10810","Blue/White","Metal/Green","M","03-25-25 NOCA627",45.4304,-73.93798,205,30,115,"STRAIGHT","NEW",2,17,95,"0","5",2,2,25,-73.9376904611967,45.4303049354014
2025-03-26,"10:10",4,"ET","620","2651-73197","Red/Black","Metal/Yellow","F","03-26-25 NOCA620",45.40777,-73.93313,162,20,124,"UP","OLD",2,17,70,"0","0",0,0,15,-73.9329711514723,45.4076945282974
2025-03-26,"12:30",3,"ET","617","2991-45869","Red/Yellow","Metal/Yellow","F","03-26-25 NOCA617",45.41029,-73.92082,157,30,100,"STRAIGHT","OLD",3,15,80,"0","0",0,0,25,-73.9205054941125,45.4102509388108
2025-03-28,"10:50",3,"AMC","617","2991-45869","Red/Yellow","Metal/Yellow","F","03-28-25 NOCA617",45.41142,-73.93047,201,40,131,"STRAIGHT","NEW",-2,16,60,"0","0",0,0,35,-73.9301325630821,45.411213394282
2025-03-28,"11:30",4,"AMC","631","2991-46012","Black/Black","Metal/Yellow","F","03-28-25 NOCA631",45.41028,-73.92927,231,30,160,"UP","NEW",-1,16,50,"0","0",0,0,25,-73.929160773603,45.4100686236728
2025-03-28,"11:50",4,"AMC","620","2651-73197","Red/Black","Metal/Yellow","F","03-28-25 NOCA620",45.40766,-73.93327,208,40,101,"STRAIGHT","NEW",1,16,50,"0","0",0,0,35,-73.9328311343225,45.4075999098079
2025-04-01,"11:00",4,"LF","620","2651-73197","Red/Black","Metal/Yellow","F","04-01-25 NOCA620",45.40758,-73.93253,202,30,283,"UP","NEW",0,21,5,"0","0",0,0,25,-73.9328411581445,45.4076306005242
2025-04-04,"13:15",4,"ET","631","2991-46012","Black/Black","Metal/Yellow","F","04-04-25 NOCA631",45.4101,-73.92917,152,30,68,"UP","OLD",8,24,5,"0","0",0,0,25,-73.9288738970935,45.4101842643481
2025-04-04,"13:31",3,"ET","617","2991-45869","Red/Yellow","Metal/Yellow","F","04-04-25 NOCA617",45.41067,-73.92924,171,30,288,"STRAIGHT","OLD",9,24,5,"0","0",0,0,25,-73.9295437297906,45.4107395104699
2025-04-05,"9:00",4,"LF","627","2991-10810","Blue/White","Metal/Green","M","04-05-25 NOCA627",45.42971,-73.9389,213,30,280,"STRAIGHT","NEW",2,13,100,"0","0",0,0,25,-73.9392146141558,45.4297490601893
2025-04-06,"10:00",4,"LF","620","2651-73197","Red/Black","Metal/Yellow","F","04-06-25 NOCA620",45.4075,-73.93327,202,30,314,"UP","NEW",5,11,100,"0.1","0",0,0,25,-73.9334997161488,45.4076562576373
2025-04-06,"11:40",3,"LF","617","2991-45869","Red/Yellow","Metal/Yellow","F","04-06-25 NOCA617-2",45.41149,-73.92899,201,30,270,"UP","NEW",6,15,40,"0","0",0,0,25,-73.9293093646308,45.4114899995535
2025-04-06,"12:00",4,"LF","631","2991-46012","Black/Black","Metal/Yellow","F","04-06-25 NOCA631",45.41008,-73.92919,200,30,258,"DOWN","NEW",5,15,95,"0","0",0,0,25,-73.9295023777169,45.4100332315142
2025-04-08,"9:00",4,"LF","627","2991-10810","Blue/White","Metal/Green","M","04-08-25 NOCA627",45.43146,-73.93868,202,30,32,"UP","NEW",-1,19,100,"0","6",1,3,25,-73.9385107022864,45.4316507607358
2025-04-09,"10:09",4,"ET","631","2991-46012","Black/Black","Metal/Yellow","F","04-09-25 NOCA631",45.41007,-73.92924,153,30,121,"STRAIGHT","OLD",-4,17,2,"0","6",1,2,25,-73.9289662585008,45.4099541460083
2025-04-13,"10:10",4,"LF","627","2991-10810","Blue/White","Metal/Green","M","04-13-25 NOCA627",45.43099,-73.93861,226,20,241,"UP","NEW",6,11,95,"0","0",0,0,15,-73.9387776510682,45.4309245677081
2025-04-15,"9:45",4,"LF","631","2991-46012","Black/Black","Metal/Yellow","F","04-15-25 NOCA631",45.41002,-73.92924,200,30,266,"STRAIGHT","NEW",12,18,20,"0","0",0,0,25,-73.9295585783221,45.4100043083992
2025-04-17,"9:35",4,"LF","627","2991-10810","Blue/White","Metal/Green","M","04-17-25 NOCA627",45.43005,-73.93933,217,20,60,"STRAIGHT","NEW",1,19,0,"0","0",0,0,15,-73.9391639986928,45.4301174822232
2025-04-18,"11:20",4,"ET","631","2991-46012","Black/Black","Metal/Yellow","F","04-18-25 NOCA631",45.41005,-73.92921,157,30,114,"STRAIGHT","OLD",10,11,50,"0","0",0,0,25,-73.928918253777,45.4099585074978
2025-04-18,"12:37",3,"ET","637","2991-46015","Red/White","Metal/Green","M","04-18-25 NOCA637",45.4109,-73.92205,150,30,276,"UP","OLD",12,14,100,"0","0",0,0,25,-73.9223676119428,45.41092351239
2025-04-19,"13:20",4,"LF","627","2991-10810","Blue/White","Metal/Green","M","04-19-25 NOCA627",45.43123,-73.93845,225,20,30,"STRAIGHT","NEW",19,17,100,"0","0",0,0,15,-73.9383541570198,45.4313468827831
2025-04-19,"13:50",3,"LF","617","2991-45869","Red/Yellow","Metal/Yellow","F","04-19-25 NOCA617",45.42939,-73.93853,224,20,20,"STRAIGHT","NEW",19,17,100,"0","0",0,0,15,-73.938464441659,45.4295168253163
2025-04-22,"9:45",4,"LF","631","2991-46012","Black/Black","Metal/Yellow","F","04-22-25 NOCA631",45.41008,-73.92916,219,20,97,"STRAIGHT","NEW",10,8,100,"0","0",0,0,15,-73.9289698143063,45.4100635517259
2025-04-22,"13:10",4,"LF","627","2991-10810","Blue/White","Metal/Green","M","04-22-25 NOCA627",45.43076,-73.93818,224,30,127,"STRAIGHT","NEW",10,20,100,"0","0",0,0,25,-73.9379248578964,45.4306246267685
2025-04-24,"9:45",4,"LF","631","2991-46012","Black/Black","Metal/Yellow","F","04-24-25 NOCA631",45.41016,-73.92916,227,20,228,"DOWN","NEW",9,15,20,"0","0",0,0,15,-73.9293023969346,45.4100696905909
2025-04-24,"13:00",3,"LF","637","2991-46015","Red/White","Metal/Green","M","04-24-25 NOCA637",45.41065,-73.9222,190,40,353,"UP","NEW",11,7,45,"0","0",0,0,35,-73.9222544885538,45.4109625713029
2025-05-08,"11:30",4,"FPL","623","2991-46001","Yellow/Yellow","Metal/Yellow","F","05-08-25 NOCA623",45.40746,-73.92532,141,40,160,"STRAIGHT","OLD",9,11,100,"0","0",0,0,35,-73.9251670908812,45.4071640729637
2025-05-14,"14:22",4,"FPL","623","2991-46001","Yellow/Yellow","Metal/Yellow","F","05-14-25 NOCA623",45.4072,-73.92538,141,40,145,"STRAIGHT","OLD",26,20,0,"0","0",0,0,35,-73.9251235685425,45.4069420332689
