ID,Site
90,NDG
91,NDG
92,BDU
93,BDU
94,NDG
95,BDU
96,NDG
97,SDB
98,BDU
99,SDB
100,BDU
101,NDG
102,SDB
103,SDB
104,SDB
105,BDU
106,BDU
107,NDG
108,NDG
109,BDU
110,NDG
111,SDB
112,NDG
113,NDG
114,BDU
115,BDU
116,SDB
117,NDG
118,SDB
119,NA
120,SDB
121,BDU
123,SDB
124,SDB
125,SDB
126,BDU
127,SDB
129,BDU
130,BDU
131,NDG
133,NDG
134,NDG
206,SDB
207,SDB
208,SDB
209,SDB
210,SDB
211,SDB
212,SDB
213,SDB
214,SDB
215,SDB
216,SDB
217,SDB
218,SDB
219,SDB
220,SDB
221,SDB
222,SDB
223,SDB
224,SDB
225,SDB
608,BDU
609,BDU
610,NDG
611,BDU
612,NDG
613,NDG
614,BDU
615,NDG
616,NDG
617,BDU
618,NDG
619,NDG
620,BDU
621,NDG
622,NDG
623,BDU
624,NDG
625,SDB
626,NDG
627,BDU
628,NDG
629,BDU
630,BDU
631,BDU
632,BDU
633,NDG
634,NDG
635,BDU
636,SDB
637,BDU
638,NDG
639,NDG
640,BDU
641,SDB
642,NDG
643,NDG
644,NDG
645,SDB